HomeTeam,HomeXG,AwayTeam,AwayXG,Season
Burnley,0.3,Man City,1.9,2023-24
Arsenal,0.8,Nott'm Forest,1.2,2023-24
Everton,2.7,Fulham,1.5,2023-24
Sheffield United,0.5,Crystal Palace,1.9,2023-24
Brighton,4.0,Luton,1.5,2023-24
Bournemouth,1.3,West Ham,1.1,2023-24
Newcastle,3.3,Aston Villa,1.8,2023-24
Brentford,2.2,Tottenham,1.3,2023-24
Chelsea,1.4,Liverpool,1.3,2023-24
Man United,2.2,Wolves,2.2,2023-24
Nott'm Forest,1.4,Sheffield United,0.5,2023-24
Fulham,0.5,Brentford,3.7,2023-24
Liverpool,3.0,Bournemouth,1.3,2023-24
Wolves,2.1,Brighton,2.2,2023-24
Tottenham,1.7,Man United,2.1,2023-24
Man City,1.0,Newcastle,0.3,2023-24
Aston Villa,2.9,Everton,0.6,2023-24
West Ham,1.8,Chelsea,2.5,2023-24
Crystal Palace,1.0,Arsenal,2.0,2023-24
Chelsea,2.2,Luton,0.4,2023-24
Bournemouth,0.7,Tottenham,2.1,2023-24
Everton,1.3,Wolves,1.1,2023-24
Brentford,1.0,Crystal Palace,0.8,2023-24
Man United,2.8,Nott'm Forest,1.2,2023-24
Arsenal,3.2,Fulham,0.6,2023-24
Brighton,1.5,West Ham,3.0,2023-24
Sheffield United,0.7,Man City,3.5,2023-24
Burnley,0.7,Aston Villa,2.5,2023-24
Newcastle,2.0,Liverpool,0.9,2023-24
Luton,1.4,West Ham,1.0,2023-24
Sheffield United,1.2,Everton,2.5,2023-24
Chelsea,2.3,Nott'm Forest,0.8,2023-24
Man City,2.2,Fulham,1.4,2023-24
Brentford,2.9,Bournemouth,2.1,2023-24
Burnley,1.3,Tottenham,2.2,2023-24
Brighton,1.3,Newcastle,1.2,2023-24
Liverpool,2.5,Aston Villa,0.7,2023-24
Crystal Palace,2.1,Wolves,1.2,2023-24
Arsenal,2.3,Man United,0.9,2023-24
Wolves,0.6,Liverpool,2.5,2023-24
Fulham,1.0,Luton,1.1,2023-24
West Ham,0.9,Man City,3.6,2023-24
Aston Villa,3.0,Crystal Palace,1.2,2023-24
Man United,1.0,Brighton,1.7,2023-24
Tottenham,2.1,Sheffield United,0.7,2023-24
Newcastle,1.4,Brentford,0.5,2023-24
Bournemouth,1.0,Chelsea,1.8,2023-24
Everton,0.3,Arsenal,1.0,2023-24
Nott'm Forest,0.7,Burnley,0.5,2023-24
Man City,1.3,Nott'm Forest,1.0,2023-24
Luton,2.1,Wolves,0.6,2023-24
Crystal Palace,0.3,Fulham,0.6,2023-24
Brentford,1.0,Everton,1.9,2023-24
Burnley,1.1,Man United,1.0,2023-24
Arsenal,1.8,Tottenham,1.4,2023-24
Brighton,1.9,Bournemouth,1.1,2023-24
Chelsea,1.3,Aston Villa,1.0,2023-24
Liverpool,3.0,West Ham,1.1,2023-24
Sheffield United,0.9,Newcastle,3.9,2023-24
Aston Villa,1.6,Brighton,1.7,2023-24
Wolves,0.4,Man City,0.9,2023-24
Bournemouth,0.6,Arsenal,3.4,2023-24
Everton,2.9,Luton,0.9,2023-24
Newcastle,3.1,Burnley,0.6,2023-24
West Ham,2.1,Sheffield United,1.1,2023-24
Man United,1.3,Crystal Palace,0.9,2023-24
Tottenham,2.2,Liverpool,1.3,2023-24
Nott'm Forest,0.5,Brentford,1.6,2023-24
Fulham,1.1,Chelsea,1.7,2023-24
Luton,1.3,Burnley,1.1,2023-24
Luton,0.8,Tottenham,1.9,2023-24
Everton,2.4,Bournemouth,0.7,2023-24
Man United,1.4,Brentford,0.9,2023-24
Burnley,0.7,Chelsea,1.9,2023-24
Fulham,2.2,Sheffield United,0.6,2023-24
Crystal Palace,0.8,Nott'm Forest,1.0,2023-24
West Ham,1.2,Newcastle,2.0,2023-24
Wolves,1.7,Aston Villa,1.6,2023-24
Brighton,2.3,Liverpool,2.3,2023-24
Arsenal,0.4,Man City,0.5,2023-24
Liverpool,2.2,Everton,0.1,2023-24
Bournemouth,0.6,Wolves,2.4,2023-24
Newcastle,2.4,Crystal Palace,1.2,2023-24
Brentford,3.1,Burnley,1.1,2023-24
Man City,0.8,Brighton,0.8,2023-24
Nott'm Forest,2.9,Luton,1.7,2023-24
Chelsea,1.3,Arsenal,1.0,2023-24
Sheffield United,1.4,Man United,1.1,2023-24
Aston Villa,1.9,West Ham,1.1,2023-24
Tottenham,1.5,Fulham,1.0,2023-24
Crystal Palace,0.6,Tottenham,1.1,2023-24
Chelsea,1.9,Brentford,2.2,2023-24
Bournemouth,1.1,Burnley,0.8,2023-24
Arsenal,2.8,Sheffield United,0.0,2023-24
Wolves,0.9,Newcastle,2.2,2023-24
West Ham,0.7,Everton,0.8,2023-24
Liverpool,3.2,Nott'm Forest,0.4,2023-24
Brighton,1.4,Fulham,0.7,2023-24
Aston Villa,2.3,Luton,0.5,2023-24
Man United,0.9,Man City,4.0,2023-24
Fulham,1.0,Man United,0.7,2023-24
Brentford,1.5,West Ham,1.8,2023-24
Everton,0.7,Brighton,0.5,2023-24
Burnley,1.1,Crystal Palace,1.3,2023-24
Man City,1.9,Bournemouth,0.9,2023-24
Sheffield United,1.0,Wolves,1.2,2023-24
Newcastle,1.0,Arsenal,0.6,2023-24
Nott'm Forest,0.4,Aston Villa,1.2,2023-24
Luton,0.8,Liverpool,2.6,2023-24
Tottenham,0.9,Chelsea,4.1,2023-24
Wolves,2.1,Tottenham,0.7,2023-24
Arsenal,1.8,Burnley,0.3,2023-24
Man United,2.2,Luton,0.4,2023-24
Crystal Palace,2.2,Everton,1.5,2023-24
Bournemouth,2.4,Newcastle,0.5,2023-24
West Ham,1.8,Nott'm Forest,1.7,2023-24
Liverpool,1.7,Brentford,1.6,2023-24
Aston Villa,3.0,Fulham,0.9,2023-24
Brighton,1.5,Sheffield United,1.1,2023-24
Chelsea,2.9,Man City,2.9,2023-24
Man City,1.3,Liverpool,0.6,2023-24
Burnley,1.3,West Ham,0.9,2023-24
Nott'm Forest,1.9,Brighton,1.3,2023-24
Sheffield United,0.8,Bournemouth,2.9,2023-24
Newcastle,2.4,Chelsea,0.5,2023-24
Luton,0.9,Crystal Palace,1.6,2023-24
Brentford,1.1,Arsenal,1.6,2023-24
Tottenham,2.3,Aston Villa,1.7,2023-24
Everton,2.4,Man United,2.2,2023-24
Fulham,2.9,Wolves,1.4,2023-24
Brentford,3.1,Luton,0.2,2023-24
Arsenal,2.8,Wolves,0.7,2023-24
Burnley,1.8,Sheffield United,0.4,2023-24
Nott'm Forest,0.7,Everton,0.7,2023-24
Newcastle,2.4,Man United,0.5,2023-24
Bournemouth,2.0,Aston Villa,0.7,2023-24
Liverpool,2.1,Fulham,1.2,2023-24
Chelsea,2.1,Brighton,1.1,2023-24
West Ham,1.1,Crystal Palace,0.9,2023-24
Man City,2.6,Tottenham,0.5,2023-24
Wolves,0.8,Burnley,0.9,2023-24
Luton,0.5,Arsenal,2.2,2023-24
Sheffield United,1.0,Liverpool,1.7,2023-24
Crystal Palace,1.0,Bournemouth,1.8,2023-24
Brighton,1.5,Brentford,1.5,2023-24
Fulham,2.5,Nott'm Forest,0.3,2023-24
Aston Villa,2.3,Man City,0.6,2023-24
Man United,4.1,Chelsea,1.5,2023-24
Everton,3.3,Newcastle,1.5,2023-24
Tottenham,1.8,West Ham,2.2,2023-24
Crystal Palace,1.7,Liverpool,1.2,2023-24
Man United,1.1,Bournemouth,1.5,2023-24
Wolves,1.2,Nott'm Forest,1.3,2023-24
Brighton,2.6,Burnley,0.6,2023-24
Sheffield United,0.8,Brentford,0.6,2023-24
Aston Villa,0.6,Arsenal,1.4,2023-24
Everton,1.2,Chelsea,0.9,2023-24
Fulham,2.3,West Ham,1.3,2023-24
Luton,0.3,Man City,1.6,2023-24
Tottenham,3.8,Newcastle,1.7,2023-24
Nott'm Forest,1.3,Tottenham,1.5,2023-24
Man City,1.6,Crystal Palace,1.8,2023-24
Chelsea,3.1,Sheffield United,0.4,2023-24
Newcastle,3.5,Fulham,0.3,2023-24
Burnley,0.7,Everton,1.4,2023-24
Brentford,0.5,Aston Villa,1.4,2023-24
West Ham,1.1,Wolves,0.7,2023-24
Arsenal,2.3,Brighton,0.7,2023-24
Liverpool,2.3,Man United,0.8,2023-24
Crystal Palace,1.3,Brighton,1.2,2023-24
Aston Villa,0.9,Sheffield United,0.6,2023-24
West Ham,1.2,Man United,1.0,2023-24
Luton,1.4,Newcastle,1.4,2023-24
Fulham,1.3,Burnley,0.4,2023-24
Tottenham,1.5,Everton,1.8,2023-24
Nott'm Forest,1.0,Bournemouth,1.6,2023-24
Liverpool,1.0,Arsenal,0.7,2023-24
Wolves,1.3,Chelsea,2.0,2023-24
Newcastle,2.4,Nott'm Forest,3.5,2023-24
Bournemouth,1.8,Fulham,0.3,2023-24
Sheffield United,2.4,Luton,0.6,2023-24
Burnley,0.8,Liverpool,1.8,2023-24
Man United,1.1,Aston Villa,1.7,2023-24
Chelsea,2.6,Crystal Palace,1.1,2023-24
Brentford,2.2,Wolves,2.4,2023-24
Everton,1.0,Man City,2.4,2023-24
Brighton,3.2,Tottenham,2.3,2023-24
Arsenal,2.7,West Ham,1.4,2023-24
Luton,2.3,Chelsea,1.5,2023-24
Aston Villa,3.2,Burnley,1.2,2023-24
Wolves,1.9,Everton,0.4,2023-24
Man City,2.2,Sheffield United,0.3,2023-24
Crystal Palace,1.0,Brentford,1.4,2023-24
Nott'm Forest,0.7,Man United,0.8,2023-24
Tottenham,2.3,Bournemouth,1.7,2023-24
Fulham,1.2,Arsenal,1.6,2023-24
Liverpool,7.0,Newcastle,0.6,2023-24
West Ham,0.7,Brighton,2.3,2023-24
Burnley,1.1,Luton,0.9,2023-24
Chelsea,2.2,Fulham,0.8,2023-24
Newcastle,1.3,Man City,3.0,2023-24
Everton,1.1,Aston Villa,1.2,2023-24
Man United,0.8,Tottenham,1.2,2023-24
Arsenal,3.3,Crystal Palace,0.3,2023-24
Brentford,1.2,Nott'm Forest,1.2,2023-24
Sheffield United,2.5,West Ham,2.3,2023-24
Bournemouth,1.4,Liverpool,1.5,2023-24
Brighton,1.0,Wolves,1.1,2023-24
Nott'm Forest,0.5,Arsenal,1.2,2023-24
Fulham,1.6,Everton,1.9,2023-24
Luton,3.1,Brighton,0.9,2023-24
Crystal Palace,1.1,Sheffield United,0.8,2023-24
Aston Villa,1.4,Newcastle,2.6,2023-24
Tottenham,2.9,Brentford,1.6,2023-24
Man City,1.7,Burnley,1.4,2023-24
Liverpool,2.9,Chelsea,0.6,2023-24
West Ham,1.4,Bournemouth,1.2,2023-24
Wolves,2.1,Man United,3.3,2023-24
Everton,2.6,Tottenham,1.0,2023-24
Newcastle,2.3,Luton,2.4,2023-24
Brighton,1.4,Crystal Palace,0.3,2023-24
Burnley,1.8,Fulham,1.5,2023-24
Sheffield United,1.4,Aston Villa,2.2,2023-24
Bournemouth,1.3,Nott'm Forest,0.5,2023-24
Man United,0.7,West Ham,1.4,2023-24
Chelsea,1.7,Wolves,2.0,2023-24
Arsenal,3.5,Liverpool,0.4,2023-24
Brentford,1.0,Man City,2.1,2023-24
Man City,1.6,Everton,0.3,2023-24
Luton,1.8,Sheffield United,1.7,2023-24
Liverpool,2.8,Burnley,1.3,2023-24
Wolves,1.0,Brentford,1.9,2023-24
Fulham,1.6,Bournemouth,1.8,2023-24
Tottenham,1.6,Brighton,1.2,2023-24
Nott'm Forest,1.5,Newcastle,0.5,2023-24
West Ham,0.2,Arsenal,3.6,2023-24
Aston Villa,2.4,Man United,1.8,2023-24
Crystal Palace,0.6,Chelsea,1.4,2023-24
Brentford,1.6,Liverpool,2.8,2023-24
Newcastle,2.2,Bournemouth,2.2,2023-24
Tottenham,1.6,Wolves,1.8,2023-24
Burnley,0.3,Arsenal,2.3,2023-24
Fulham,1.5,Aston Villa,1.5,2023-24
Nott'm Forest,2.8,West Ham,0.5,2023-24
Man City,2.6,Chelsea,1.4,2023-24
Sheffield United,0.6,Brighton,2.9,2023-24
Luton,1.8,Man United,2.9,2023-24
Everton,1.7,Crystal Palace,0.7,2023-24
Man City,2.3,Brentford,0.4,2023-24
Liverpool,3.3,Luton,0.9,2023-24
Man United,1.7,Fulham,1.2,2023-24
Crystal Palace,2.4,Burnley,0.1,2023-24
Brighton,1.4,Everton,0.3,2023-24
Aston Villa,3.6,Nott'm Forest,2.6,2023-24
Bournemouth,0.9,Man City,1.6,2023-24
Arsenal,2.8,Newcastle,0.2,2023-24
Wolves,1.3,Sheffield United,0.6,2023-24
West Ham,1.7,Brentford,0.9,2023-24
Fulham,1.3,Brighton,1.3,2023-24
Tottenham,1.9,Crystal Palace,0.3,2023-24
Brentford,1.8,Chelsea,1.8,2023-24
Newcastle,2.1,Wolves,0.8,2023-24
Nott'm Forest,1.0,Liverpool,2.0,2023-24
Everton,2.7,West Ham,1.9,2023-24
Luton,1.8,Aston Villa,1.9,2023-24
Burnley,1.5,Bournemouth,1.1,2023-24
Man City,3.3,Man United,0.2,2023-24
Sheffield United,0.2,Arsenal,2.3,2023-24
Man United,2.7,Everton,1.6,2023-24
Bournemouth,3.3,Sheffield United,1.2,2023-24
Wolves,0.8,Fulham,2.6,2023-24
Crystal Palace,2.7,Luton,0.8,2023-24
Arsenal,1.3,Brentford,1.0,2023-24
Aston Villa,0.8,Tottenham,1.5,2023-24
West Ham,2.1,Burnley,0.7,2023-24
Brighton,0.4,Nott'm Forest,0.7,2023-24
Liverpool,2.7,Man City,1.6,2023-24
Chelsea,1.6,Newcastle,0.7,2023-24
Bournemouth,2.3,Luton,2.0,2023-24
Luton,0.6,Nott'm Forest,2.0,2023-24
Burnley,2.8,Brentford,1.1,2023-24
Fulham,2.6,Tottenham,2.4,2023-24
West Ham,2.0,Aston Villa,0.7,2023-24
Newcastle,4.1,West Ham,1.4,2023-24
Bournemouth,1.3,Everton,1.0,2023-24
Tottenham,2.9,Luton,0.5,2023-24
Nott'm Forest,0.9,Crystal Palace,1.2,2023-24
Sheffield United,1.9,Fulham,1.3,2023-24
Chelsea,4.2,Burnley,1.6,2023-24
Aston Villa,1.0,Wolves,1.5,2023-24
Brentford,3.2,Man United,0.6,2023-24
Liverpool,2.8,Brighton,0.5,2023-24
Man City,1.0,Arsenal,0.7,2023-24
Newcastle,2.4,Everton,1.4,2023-24
Nott'm Forest,1.5,Fulham,1.5,2023-24
Bournemouth,1.1,Crystal Palace,0.2,2023-24
Burnley,1.3,Wolves,0.9,2023-24
West Ham,1.5,Tottenham,1.0,2023-24
Arsenal,0.7,Luton,0.3,2023-24
Brentford,0.6,Brighton,1.1,2023-24
Man City,3.4,Aston Villa,0.8,2023-24
Liverpool,1.8,Sheffield United,0.6,2023-24
Chelsea,3.0,Man United,1.5,2023-24
Crystal Palace,1.1,Man City,1.9,2023-24
Luton,1.5,Bournemouth,0.4,2023-24
Wolves,1.5,West Ham,1.2,2023-24
Fulham,1.2,Newcastle,1.0,2023-24
Everton,0.9,Burnley,0.5,2023-24
Aston Villa,1.5,Brentford,1.5,2023-24
Brighton,0.5,Arsenal,3.4,2023-24
Man United,0.7,Liverpool,3.6,2023-24
Sheffield United,1.4,Chelsea,0.3,2023-24
Tottenham,1.5,Nott'm Forest,1.5,2023-24
Newcastle,2.8,Tottenham,0.8,2023-24
Man City,4.2,Luton,0.5,2023-24
Nott'm Forest,1.9,Wolves,1.0,2023-24
Brentford,1.0,Sheffield United,0.8,2023-24
Burnley,1.7,Brighton,0.9,2023-24
Bournemouth,1.6,Man United,1.2,2023-24
Liverpool,2.7,Crystal Palace,2.0,2023-24
West Ham,0.9,Fulham,3.2,2023-24
Arsenal,1.6,Aston Villa,0.9,2023-24
Chelsea,3.1,Everton,1.5,2023-24
Luton,0.6,Brentford,3.1,2023-24
Sheffield United,2.4,Burnley,2.2,2023-24
Wolves,0.2,Arsenal,1.2,2023-24
Everton,0.3,Nott'm Forest,0.9,2023-24
Aston Villa,2.4,Bournemouth,1.8,2023-24
Crystal Palace,2.4,West Ham,1.3,2023-24
Fulham,0.8,Liverpool,1.0,2023-24
Arsenal,3.3,Chelsea,1.6,2023-24
Wolves,0.5,Bournemouth,1.9,2023-24
Man United,2.9,Sheffield United,0.8,2023-24
Everton,1.2,Liverpool,2.1,2023-24
Crystal Palace,0.9,Newcastle,0.4,2023-24
Brighton,0.6,Man City,1.4,2023-24
West Ham,0.7,Liverpool,1.7,2023-24
Wolves,1.2,Luton,0.6,2023-24
Fulham,1.1,Crystal Palace,1.0,2023-24
Man United,2.7,Burnley,2.1,2023-24
Newcastle,3.1,Sheffield United,1.5,2023-24
Everton,0.8,Brentford,0.9,2023-24
Aston Villa,1.1,Chelsea,1.6,2023-24
Tottenham,2.3,Arsenal,1.0,2023-24
Bournemouth,1.9,Brighton,0.9,2023-24
Nott'm Forest,1.9,Man City,0.9,2023-24
Chelsea,2.2,Tottenham,1.6,2023-24
Luton,0.8,Everton,1.4,2023-24
Arsenal,3.3,Bournemouth,0.5,2023-24
Burnley,1.0,Newcastle,3.4,2023-24
Sheffield United,2.2,Nott'm Forest,1.4,2023-24
Brentford,0.6,Fulham,1.3,2023-24
Man City,3.7,Wolves,0.3,2023-24
Brighton,2.5,Aston Villa,0.1,2023-24
Chelsea,4.1,West Ham,0.9,2023-24
Liverpool,3.3,Tottenham,1.2,2023-24
Crystal Palace,1.7,Man United,0.4,2023-24
Fulham,0.1,Man City,3.2,2023-24
Wolves,1.6,Crystal Palace,2.6,2023-24
West Ham,3.2,Luton,0.3,2023-24
Tottenham,2.7,Burnley,0.7,2023-24
Everton,2.3,Sheffield United,0.6,2023-24
Newcastle,2.2,Brighton,1.4,2023-24
Bournemouth,0.7,Brentford,1.1,2023-24
Nott'm Forest,1.5,Chelsea,1.6,2023-24
Man United,0.5,Arsenal,1.5,2023-24
Aston Villa,3.1,Liverpool,1.7,2023-24
Tottenham,1.7,Man City,2.4,2023-24
Brighton,1.3,Chelsea,1.5,2023-24
Man United,1.5,Newcastle,2.2,2023-24
Luton,2.0,Fulham,1.1,2023-24
Sheffield United,1.0,Tottenham,3.1,2023-24
Man City,1.9,West Ham,0.4,2023-24
Arsenal,2.9,Everton,0.6,2023-24
Brighton,1.7,Man United,1.3,2023-24
Brentford,1.1,Newcastle,3.4,2023-24
Chelsea,1.1,Bournemouth,2.2,2023-24
Crystal Palace,2.5,Aston Villa,0.9,2023-24
Liverpool,4.5,Wolves,0.5,2023-24
Burnley,1.2,Nott'm Forest,1.7,2023-24
Crystal Palace,1.2,Arsenal,1.0,2022-23
Fulham,1.2,Liverpool,1.2,2022-23
Tottenham,1.5,Southampton,0.5,2022-23
Newcastle,1.7,Nott'm Forest,0.3,2022-23
Leeds,0.8,Wolves,1.3,2022-23
Bournemouth,0.6,Aston Villa,0.7,2022-23
Everton,0.7,Chelsea,1.5,2022-23
Leicester,0.6,Brentford,0.8,2022-23
Man United,1.4,Brighton,1.5,2022-23
West Ham,0.5,Man City,2.2,2022-23
Aston Villa,2.3,Everton,1.6,2022-23
Man City,1.7,Bournemouth,0.1,2022-23
Southampton,1.2,Leeds,1.8,2022-23
Wolves,0.9,Fulham,1.5,2022-23
Arsenal,2.7,Leicester,0.5,2022-23
Brighton,1.5,Newcastle,0.2,2022-23
Brentford,1.6,Man United,0.9,2022-23
Nott'm Forest,1.3,West Ham,2.1,2022-23
Chelsea,1.6,Tottenham,1.0,2022-23
Liverpool,2.0,Crystal Palace,1.0,2022-23
Tottenham,1.7,Wolves,0.7,2022-23
Leicester,0.3,Southampton,0.9,2022-23
Everton,1.5,Nott'm Forest,1.0,2022-23
Crystal Palace,2.6,Aston Villa,0.9,2022-23
Fulham,2.4,Brentford,1.8,2022-23
Bournemouth,0.3,Arsenal,1.3,2022-23
Leeds,2.1,Chelsea,0.9,2022-23
West Ham,0.8,Brighton,1.7,2022-23
Newcastle,1.8,Man City,2.1,2022-23
Man United,1.8,Liverpool,1.3,2022-23
Southampton,1.4,Man United,1.1,2022-23
Man City,2.2,Crystal Palace,0.1,2022-23
Brighton,2.0,Leeds,1.8,2022-23
Chelsea,1.8,Leicester,2.5,2022-23
Brentford,2.1,Everton,1.1,2022-23
Liverpool,3.3,Bournemouth,0.3,2022-23
Arsenal,2.6,Fulham,0.8,2022-23
Wolves,0.7,Newcastle,1.7,2022-23
Aston Villa,0.5,West Ham,0.6,2022-23
Nott'm Forest,0.9,Tottenham,2.4,2022-23
Fulham,0.7,Brighton,1.4,2022-23
Crystal Palace,1.0,Brentford,1.4,2022-23
Southampton,1.1,Chelsea,1.1,2022-23
Leeds,1.0,Everton,1.0,2022-23
Bournemouth,0.4,Wolves,1.5,2022-23
Man City,3.3,Nott'm Forest,0.7,2022-23
Arsenal,2.4,Aston Villa,0.4,2022-23
West Ham,1.2,Tottenham,0.6,2022-23
Liverpool,1.5,Newcastle,0.7,2022-23
Leicester,0.7,Man United,1.5,2022-23
Everton,1.7,Liverpool,2.1,2022-23
Nott'm Forest,1.9,Bournemouth,0.8,2022-23
Wolves,0.8,Southampton,1.2,2022-23
Newcastle,2.8,Crystal Palace,1.0,2022-23
Brentford,2.3,Leeds,1.7,2022-23
Tottenham,2.9,Fulham,0.7,2022-23
Chelsea,0.9,West Ham,1.1,2022-23
Aston Villa,0.3,Man City,2.1,2022-23
Brighton,2.6,Leicester,1.4,2022-23
Man United,1.5,Arsenal,1.3,2022-23
Aston Villa,1.5,Southampton,0.3,2022-23
Nott'm Forest,1.4,Fulham,0.9,2022-23
Wolves,0.4,Man City,1.1,2022-23
Newcastle,1.9,Bournemouth,0.7,2022-23
Tottenham,2.2,Leicester,1.8,2022-23
Brentford,0.5,Arsenal,1.5,2022-23
Everton,0.4,West Ham,1.0,2022-23
Arsenal,2.4,Tottenham,1.6,2022-23
Southampton,1.7,Everton,2.0,2022-23
Crystal Palace,0.4,Chelsea,1.1,2022-23
Liverpool,1.5,Brighton,1.4,2022-23
Fulham,0.5,Newcastle,3.3,2022-23
Bournemouth,0.4,Brentford,0.9,2022-23
West Ham,0.9,Wolves,0.7,2022-23
Man City,3.2,Man United,1.7,2022-23
Leeds,0.4,Aston Villa,2.2,2022-23
Leicester,1.3,Nott'm Forest,1.1,2022-23
Bournemouth,1.1,Leicester,1.0,2022-23
Newcastle,1.5,Brentford,1.2,2022-23
Man City,2.4,Southampton,0.2,2022-23
Chelsea,1.9,Wolves,1.1,2022-23
Brighton,0.7,Tottenham,0.8,2022-23
West Ham,2.4,Fulham,0.7,2022-23
Crystal Palace,1.1,Leeds,1.0,2022-23
Arsenal,2.7,Liverpool,1.1,2022-23
Everton,0.6,Man United,1.4,2022-23
Nott'm Forest,0.3,Aston Villa,0.7,2022-23
Brentford,1.5,Brighton,1.9,2022-23
Leicester,1.0,Crystal Palace,0.4,2022-23
Fulham,2.1,Bournemouth,1.0,2022-23
Wolves,1.3,Nott'm Forest,1.5,2022-23
Tottenham,2.2,Everton,0.4,2022-23
Southampton,0.5,West Ham,1.7,2022-23
Aston Villa,1.8,Chelsea,0.9,2022-23
Leeds,1.8,Arsenal,0.5,2022-23
Man United,0.8,Newcastle,0.8,2022-23
Liverpool,2.1,Man City,1.0,2022-23
Brighton,1.7,Nott'm Forest,0.1,2022-23
Crystal Palace,1.2,Wolves,0.8,2022-23
Bournemouth,1.0,Southampton,1.0,2022-23
Brentford,1.3,Chelsea,0.9,2022-23
Liverpool,1.7,West Ham,1.7,2022-23
Newcastle,1.5,Everton,0.2,2022-23
Man United,1.5,Tottenham,0.6,2022-23
Fulham,2.1,Aston Villa,1.2,2022-23
Leicester,0.8,Leeds,1.3,2022-23
Nott'm Forest,1.9,Liverpool,1.6,2022-23
Everton,1.4,Crystal Palace,0.9,2022-23
Man City,1.6,Brighton,0.5,2022-23
Chelsea,1.1,Man United,0.8,2022-23
Aston Villa,2.8,Brentford,0.9,2022-23
Wolves,2.1,Leicester,0.9,2022-23
Leeds,1.6,Fulham,1.8,2022-23
Southampton,0.7,Arsenal,1.0,2022-23
Tottenham,1.6,Newcastle,1.2,2022-23
West Ham,1.9,Bournemouth,0.4,2022-23
Leicester,0.7,Man City,1.0,2022-23
Brentford,1.4,Wolves,0.6,2022-23
Crystal Palace,0.9,Southampton,1.3,2022-23
Newcastle,3.4,Aston Villa,0.4,2022-23
Brighton,2.4,Chelsea,1.4,2022-23
Bournemouth,0.5,Tottenham,2.0,2022-23
Fulham,1.9,Everton,0.9,2022-23
Liverpool,1.7,Leeds,1.8,2022-23
Arsenal,2.3,Nott'm Forest,0.4,2022-23
Man United,1.2,West Ham,1.1,2022-23
Nott'm Forest,1.5,Brentford,1.5,2022-23
Leeds,2.2,Bournemouth,1.5,2022-23
Man City,2.1,Fulham,1.0,2022-23
Wolves,1.2,Brighton,1.5,2022-23
Everton,1.2,Leicester,2.3,2022-23
Chelsea,0.3,Arsenal,2.1,2022-23
West Ham,0.3,Crystal Palace,1.0,2022-23
Southampton,1.7,Newcastle,0.9,2022-23
Aston Villa,0.6,Man United,0.5,2022-23
Tottenham,1.2,Liverpool,1.2,2022-23
Man City,1.6,Brentford,1.3,2022-23
Tottenham,1.8,Leeds,1.1,2022-23
Liverpool,1.9,Southampton,1.1,2022-23
Bournemouth,2.4,Everton,0.8,2022-23
West Ham,1.4,Leicester,1.8,2022-23
Nott'm Forest,1.1,Crystal Palace,1.2,2022-23
Newcastle,1.0,Chelsea,0.3,2022-23
Wolves,0.7,Arsenal,2.1,2022-23
Brighton,0.6,Aston Villa,1.5,2022-23
Fulham,1.4,Man United,2.5,2022-23
Brentford,2.0,Tottenham,1.1,2022-23
Southampton,1.9,Brighton,0.6,2022-23
Leicester,0.5,Newcastle,1.9,2022-23
Crystal Palace,0.4,Fulham,2.5,2022-23
Everton,1.7,Wolves,0.8,2022-23
Aston Villa,1.4,Liverpool,2.7,2022-23
Arsenal,2.1,West Ham,1.0,2022-23
Chelsea,1.8,Bournemouth,0.5,2022-23
Man United,2.4,Nott'm Forest,0.7,2022-23
Leeds,0.6,Man City,4.3,2022-23
West Ham,1.3,Brentford,1.6,2022-23
Liverpool,2.2,Leicester,1.0,2022-23
Wolves,0.7,Man United,2.0,2022-23
Newcastle,2.2,Leeds,0.4,2022-23
Fulham,1.5,Southampton,0.8,2022-23
Man City,1.7,Everton,0.1,2022-23
Bournemouth,0.6,Crystal Palace,1.6,2022-23
Brighton,1.2,Arsenal,2.9,2022-23
Tottenham,0.7,Aston Villa,1.0,2022-23
Nott'm Forest,1.4,Chelsea,0.9,2022-23
Brentford,1.6,Liverpool,0.9,2022-23
Leicester,1.7,Fulham,1.7,2022-23
Everton,1.3,Brighton,2.2,2022-23
Arsenal,1.1,Newcastle,1.0,2022-23
Man United,2.2,Bournemouth,0.6,2022-23
Southampton,0.5,Nott'm Forest,1.4,2022-23
Leeds,1.6,West Ham,1.4,2022-23
Aston Villa,1.8,Wolves,0.9,2022-23
Crystal Palace,0.8,Tottenham,1.4,2022-23
Chelsea,0.4,Man City,2.0,2022-23
Fulham,1.0,Chelsea,2.1,2022-23
Aston Villa,1.2,Leeds,2.4,2022-23
Man United,1.7,Man City,0.6,2022-23
Everton,1.4,Southampton,1.2,2022-23
Wolves,0.9,West Ham,1.1,2022-23
Nott'm Forest,2.4,Leicester,1.0,2022-23
Brighton,1.9,Liverpool,1.0,2022-23
Brentford,1.4,Bournemouth,0.6,2022-23
Chelsea,1.5,Crystal Palace,0.7,2022-23
Newcastle,2.2,Fulham,1.1,2022-23
Tottenham,1.6,Arsenal,1.8,2022-23
Crystal Palace,0.5,Man United,2.1,2022-23
Man City,2.3,Tottenham,0.8,2022-23
Liverpool,1.4,Chelsea,1.6,2022-23
Bournemouth,1.4,Nott'm Forest,1.9,2022-23
Southampton,0.6,Aston Villa,1.4,2022-23
Leicester,0.9,Brighton,1.7,2022-23
West Ham,2.2,Everton,0.5,2022-23
Crystal Palace,0.3,Newcastle,1.2,2022-23
Man City,2.8,Wolves,0.8,2022-23
Leeds,0.5,Brentford,0.4,2022-23
Arsenal,3.1,Man United,0.4,2022-23
Fulham,1.0,Tottenham,0.9,2022-23
Chelsea,1.3,Fulham,0.6,2022-23
Everton,1.7,Arsenal,0.9,2022-23
Aston Villa,1.7,Leicester,2.6,2022-23
Wolves,2.0,Liverpool,1.8,2022-23
Man United,2.0,Crystal Palace,1.3,2022-23
Brighton,2.2,Bournemouth,1.1,2022-23
Brentford,2.0,Southampton,0.7,2022-23
Newcastle,1.0,West Ham,1.0,2022-23
Nott'm Forest,0.4,Leeds,0.9,2022-23
Tottenham,1.4,Man City,1.3,2022-23
Man United,2.0,Leeds,0.6,2022-23
West Ham,1.3,Chelsea,1.1,2022-23
Leicester,1.7,Tottenham,1.3,2022-23
Crystal Palace,1.1,Brighton,2.5,2022-23
Arsenal,1.6,Brentford,2.0,2022-23
Southampton,1.1,Wolves,0.8,2022-23
Fulham,1.5,Nott'm Forest,0.7,2022-23
Bournemouth,1.5,Newcastle,1.3,2022-23
Leeds,1.8,Man United,1.1,2022-23
Man City,3.3,Aston Villa,0.3,2022-23
Liverpool,2.3,Everton,0.4,2022-23
Arsenal,1.6,Man City,1.8,2022-23
Aston Villa,0.5,Arsenal,3.2,2022-23
Brighton,2.2,Fulham,0.3,2022-23
Nott'm Forest,0.9,Man City,2.4,2022-23
Chelsea,1.6,Southampton,0.6,2022-23
Everton,1.4,Leeds,0.5,2022-23
Wolves,1.3,Bournemouth,1.1,2022-23
Brentford,0.9,Crystal Palace,1.1,2022-23
Newcastle,2.0,Liverpool,1.9,2022-23
Man United,4.4,Leicester,1.6,2022-23
Tottenham,1.5,West Ham,0.5,2022-23
Fulham,0.5,Wolves,0.8,2022-23
Leicester,0.0,Arsenal,0.7,2022-23
Everton,1.6,Aston Villa,1.9,2022-23
West Ham,2.7,Nott'm Forest,0.4,2022-23
Leeds,0.9,Southampton,0.4,2022-23
Bournemouth,1.0,Man City,2.4,2022-23
Crystal Palace,0.7,Liverpool,0.9,2022-23
Tottenham,0.8,Chelsea,0.4,2022-23
Arsenal,2.4,Everton,1.2,2022-23
Liverpool,2.6,Wolves,0.8,2022-23
Man City,1.3,Newcastle,0.4,2022-23
Arsenal,2.1,Bournemouth,1.3,2022-23
Aston Villa,1.2,Crystal Palace,0.2,2022-23
Chelsea,1.5,Leeds,1.0,2022-23
Brighton,3.5,West Ham,0.3,2022-23
Wolves,0.5,Tottenham,1.2,2022-23
Southampton,1.4,Leicester,1.9,2022-23
Nott'm Forest,0.8,Everton,1.7,2022-23
Liverpool,2.8,Man United,0.8,2022-23
Brentford,2.1,Fulham,1.4,2022-23
Bournemouth,0.9,Liverpool,1.7,2022-23
Leeds,0.9,Brighton,2.7,2022-23
Everton,1.0,Brentford,2.0,2022-23
Leicester,2.4,Chelsea,1.6,2022-23
Tottenham,2.0,Nott'm Forest,1.5,2022-23
Crystal Palace,0.2,Man City,2.1,2022-23
Man United,0.8,Southampton,1.0,2022-23
Fulham,0.8,Arsenal,2.3,2022-23
West Ham,2.1,Aston Villa,1.5,2022-23
Newcastle,1.8,Wolves,1.1,2022-23
Southampton,0.5,Brentford,1.9,2022-23
Brighton,0.6,Crystal Palace,1.1,2022-23
Nott'm Forest,0.4,Newcastle,2.4,2022-23
Wolves,2.7,Leeds,1.6,2022-23
Brentford,0.6,Leicester,1.3,2022-23
Aston Villa,3.5,Bournemouth,1.3,2022-23
Southampton,2.4,Tottenham,2.3,2022-23
Chelsea,2.3,Everton,1.2,2022-23
Arsenal,1.6,Crystal Palace,0.8,2022-23
Man City,2.9,Liverpool,0.3,2022-23
Arsenal,3.8,Leeds,0.7,2022-23
Nott'm Forest,1.3,Wolves,0.5,2022-23
Brighton,4.2,Brentford,1.6,2022-23
Crystal Palace,2.3,Leicester,0.2,2022-23
Bournemouth,2.6,Fulham,0.8,2022-23
Chelsea,2.1,Aston Villa,0.9,2022-23
West Ham,1.4,Southampton,0.3,2022-23
Newcastle,3.7,Man United,0.4,2022-23
Everton,0.9,Tottenham,1.4,2022-23
Leeds,1.8,Nott'm Forest,0.8,2022-23
Bournemouth,1.7,Brighton,2.7,2022-23
Leicester,0.5,Aston Villa,1.0,2022-23
Chelsea,2.2,Liverpool,0.3,2022-23
West Ham,1.0,Newcastle,3.3,2022-23
Man United,1.2,Brentford,0.7,2022-23
Man United,3.4,Everton,1.0,2022-23
Fulham,0.7,West Ham,1.1,2022-23
Aston Villa,1.3,Nott'm Forest,0.2,2022-23
Leicester,0.6,Bournemouth,1.9,2022-23
Brentford,2.6,Newcastle,1.3,2022-23
Wolves,0.6,Chelsea,1.1,2022-23
Tottenham,0.8,Brighton,1.4,2022-23
Southampton,0.4,Man City,2.9,2022-23
Leeds,0.9,Crystal Palace,3.0,2022-23
Liverpool,3.9,Arsenal,1.4,2022-23
Aston Villa,1.9,Newcastle,0.5,2022-23
Chelsea,0.5,Brighton,2.9,2022-23
Southampton,0.8,Crystal Palace,0.9,2022-23
Wolves,0.8,Brentford,1.1,2022-23
Tottenham,2.2,Bournemouth,1.3,2022-23
Everton,1.4,Fulham,1.8,2022-23
Man City,1.6,Leicester,2.3,2022-23
West Ham,1.8,Arsenal,2.7,2022-23
Nott'm Forest,0.7,Man United,3.5,2022-23
Leeds,1.4,Liverpool,2.7,2022-23
Arsenal,2.4,Southampton,1.3,2022-23
Fulham,1.7,Leeds,0.8,2022-23
Crystal Palace,0.5,Everton,0.4,2022-23
Brentford,2.7,Aston Villa,1.5,2022-23
Liverpool,2.8,Nott'm Forest,0.9,2022-23
Leicester,2.4,Wolves,0.9,2022-23
Bournemouth,1.5,West Ham,2.4,2022-23
Newcastle,3.7,Tottenham,1.0,2022-23
Wolves,1.4,Crystal Palace,0.8,2022-23
Aston Villa,1.0,Fulham,0.1,2022-23
Leeds,1.5,Leicester,2.1,2022-23
Nott'm Forest,2.4,Brighton,2.3,2022-23
Chelsea,1.3,Brentford,1.1,2022-23
West Ham,0.8,Liverpool,1.9,2022-23
Man City,2.5,Arsenal,0.5,2022-23
Everton,0.9,Newcastle,2.4,2022-23
Southampton,0.5,Bournemouth,0.9,2022-23
Tottenham,2.5,Man United,2.0,2022-23
Crystal Palace,2.1,West Ham,1.7,2022-23
Brighton,3.3,Wolves,0.8,2022-23
Brentford,1.6,Nott'm Forest,0.7,2022-23
Man United,1.2,Aston Villa,0.6,2022-23
Bournemouth,1.9,Leeds,1.6,2022-23
Newcastle,4.3,Southampton,0.8,2022-23
Fulham,0.2,Man City,2.5,2022-23
Liverpool,2.2,Tottenham,2.0,2022-23
Leicester,3.4,Everton,3.1,2022-23
Arsenal,1.7,Chelsea,0.8,2022-23
Liverpool,1.8,Fulham,0.9,2022-23
Man City,2.3,West Ham,0.4,2022-23
Brighton,2.3,Man United,1.4,2022-23
Tottenham,0.9,Crystal Palace,0.4,2022-23
Wolves,0.8,Aston Villa,1.5,2022-23
Bournemouth,1.2,Chelsea,1.3,2022-23
Man City,2.6,Leeds,0.2,2022-23
Liverpool,2.2,Brentford,0.2,2022-23
Newcastle,1.3,Arsenal,1.3,2022-23
West Ham,1.3,Man United,1.2,2022-23
Fulham,1.6,Leicester,2.8,2022-23
Brighton,3.2,Everton,2.3,2022-23
Nott'm Forest,1.8,Southampton,3.1,2022-23
Leeds,2.0,Newcastle,2.3,2022-23
Aston Villa,1.2,Tottenham,1.4,2022-23
Chelsea,1.2,Nott'm Forest,1.3,2022-23
Crystal Palace,1.5,Bournemouth,0.3,2022-23
Southampton,0.4,Fulham,1.4,2022-23
Man United,3.2,Wolves,0.3,2022-23
Everton,1.6,Man City,0.8,2022-23
Brentford,3.4,West Ham,0.2,2022-23
Arsenal,0.9,Brighton,1.7,2022-23
Leicester,0.4,Liverpool,2.2,2022-23
Newcastle,3.6,Brighton,0.5,2022-23
Tottenham,1.7,Brentford,1.2,2022-23
Liverpool,0.7,Aston Villa,1.3,2022-23
Fulham,1.7,Crystal Palace,1.6,2022-23
Bournemouth,1.0,Man United,1.4,2022-23
Wolves,1.6,Everton,2.0,2022-23
Nott'm Forest,0.6,Arsenal,0.6,2022-23
West Ham,2.1,Leeds,0.9,2022-23
Brighton,2.5,Southampton,0.6,2022-23
Man City,1.2,Chelsea,1.2,2022-23
Newcastle,2.1,Leicester,0.1,2022-23
Brighton,2.2,Man City,1.8,2022-23
Man United,5.2,Chelsea,1.9,2022-23
Crystal Palace,1.4,Nott'm Forest,0.5,2022-23
Chelsea,2.2,Newcastle,1.7,2022-23
Man United,2.9,Fulham,1.8,2022-23
Arsenal,2.8,Wolves,0.5,2022-23
Southampton,1.8,Liverpool,4.0,2022-23
Everton,1.0,Bournemouth,0.5,2022-23
Leicester,1.4,West Ham,1.4,2022-23
Aston Villa,2.8,Brighton,1.4,2022-23
Leeds,1.5,Tottenham,2.2,2022-23
Brentford,1.3,Man City,1.6,2022-23
Brentford,1.2,Arsenal,1.3,2021-22
Man United,1.5,Leeds,0.5,2021-22
Leicester,0.5,Wolves,1.3,2021-22
Burnley,1.5,Brighton,1.0,2021-22
Chelsea,0.7,Crystal Palace,0.2,2021-22
Watford,1.2,Aston Villa,1.2,2021-22
Everton,2.4,Southampton,0.8,2021-22
Norwich,1.4,Liverpool,1.6,2021-22
Newcastle,1.8,West Ham,2.7,2021-22
Tottenham,1.0,Man City,1.8,2021-22
Liverpool,2.7,Burnley,0.9,2021-22
Aston Villa,1.2,Newcastle,0.7,2021-22
Man City,2.6,Norwich,0.1,2021-22
Leeds,1.2,Everton,1.8,2021-22
Crystal Palace,0.5,Brentford,0.9,2021-22
Brighton,1.3,Watford,0.5,2021-22
Wolves,1.7,Tottenham,1.7,2021-22
Southampton,0.7,Man United,1.8,2021-22
Arsenal,0.3,Chelsea,3.1,2021-22
West Ham,2.3,Leicester,0.6,2021-22
Man City,4.4,Arsenal,0.2,2021-22
Norwich,1.5,Leicester,1.5,2021-22
West Ham,1.3,Crystal Palace,1.1,2021-22
Aston Villa,0.7,Brentford,0.9,2021-22
Newcastle,1.0,Southampton,3.6,2021-22
Brighton,0.7,Everton,1.4,2021-22
Liverpool,2.5,Chelsea,0.6,2021-22
Burnley,1.0,Leeds,1.2,2021-22
Tottenham,1.0,Watford,0.8,2021-22
Wolves,2.1,Man United,0.6,2021-22
Crystal Palace,2.1,Tottenham,0.1,2021-22
Watford,0.2,Wolves,2.2,2021-22
Brentford,0.4,Brighton,0.3,2021-22
Arsenal,2.7,Norwich,0.7,2021-22
Man United,2.5,Newcastle,0.4,2021-22
Leicester,0.6,Man City,2.8,2021-22
Southampton,0.7,West Ham,0.7,2021-22
Chelsea,1.3,Aston Villa,1.2,2021-22
Leeds,1.2,Liverpool,4.3,2021-22
Everton,1.4,Burnley,1.0,2021-22
Newcastle,1.3,Leeds,1.5,2021-22
Wolves,0.6,Brentford,2.5,2021-22
Man City,1.0,Southampton,0.4,2021-22
Liverpool,3.1,Crystal Palace,0.6,2021-22
Norwich,1.0,Watford,2.4,2021-22
Burnley,1.0,Arsenal,1.1,2021-22
Aston Villa,0.8,Everton,0.7,2021-22
West Ham,1.6,Man United,2.0,2021-22
Brighton,1.7,Leicester,1.6,2021-22
Tottenham,0.5,Chelsea,2.1,2021-22
Man United,2.2,Aston Villa,1.0,2021-22
Chelsea,0.2,Man City,1.7,2021-22
Leicester,2.4,Burnley,0.5,2021-22
Leeds,1.2,West Ham,1.6,2021-22
Watford,0.9,Newcastle,1.9,2021-22
Everton,1.9,Norwich,0.5,2021-22
Brentford,2.1,Liverpool,2.8,2021-22
Southampton,1.0,Wolves,1.0,2021-22
Arsenal,1.1,Tottenham,1.0,2021-22
Crystal Palace,1.4,Brighton,0.8,2021-22
Man United,1.0,Everton,1.3,2021-22
Wolves,1.0,Newcastle,0.6,2021-22
Burnley,1.2,Norwich,0.6,2021-22
Chelsea,3.3,Southampton,1.3,2021-22
Leeds,1.3,Watford,0.2,2021-22
Brighton,1.1,Arsenal,0.4,2021-22
Tottenham,1.3,Aston Villa,1.2,2021-22
Crystal Palace,1.5,Leicester,1.2,2021-22
West Ham,1.5,Brentford,1.2,2021-22
Liverpool,0.9,Man City,1.2,2021-22
Watford,0.5,Liverpool,3.3,2021-22
Leicester,2.4,Man United,1.2,2021-22
Man City,2.1,Burnley,0.9,2021-22
Southampton,1.9,Leeds,0.2,2021-22
Aston Villa,1.0,Wolves,2.0,2021-22
Norwich,1.2,Brighton,0.8,2021-22
Brentford,1.4,Chelsea,0.3,2021-22
Everton,0.9,West Ham,1.2,2021-22
Newcastle,0.4,Tottenham,1.7,2021-22
Arsenal,1.7,Crystal Palace,0.7,2021-22
Arsenal,2.7,Aston Villa,1.4,2021-22
Chelsea,3.1,Norwich,0.1,2021-22
Leeds,1.6,Wolves,0.9,2021-22
Crystal Palace,1.9,Newcastle,0.3,2021-22
Everton,1.5,Watford,3.7,2021-22
Southampton,1.6,Burnley,0.7,2021-22
Brighton,1.3,Man City,3.8,2021-22
West Ham,1.3,Tottenham,0.7,2021-22
Brentford,1.0,Leicester,1.5,2021-22
Man United,1.6,Liverpool,3.4,2021-22
Leicester,1.3,Arsenal,0.7,2021-22
Newcastle,0.2,Chelsea,2.2,2021-22
Liverpool,1.5,Brighton,1.0,2021-22
Burnley,2.3,Brentford,0.8,2021-22
Watford,1.0,Southampton,1.8,2021-22
Man City,0.7,Crystal Palace,0.7,2021-22
Tottenham,1.0,Man United,1.5,2021-22
Norwich,0.8,Leeds,0.7,2021-22
Aston Villa,0.7,West Ham,2.3,2021-22
Wolves,1.7,Everton,1.5,2021-22
Southampton,0.6,Aston Villa,0.6,2021-22
Man United,0.9,Man City,1.6,2021-22
Brentford,2.5,Norwich,1.2,2021-22
Chelsea,1.8,Burnley,0.7,2021-22
Crystal Palace,1.9,Wolves,0.3,2021-22
Brighton,1.5,Newcastle,0.3,2021-22
Everton,0.6,Tottenham,0.7,2021-22
Leeds,1.3,Leicester,0.7,2021-22
Arsenal,1.6,Watford,0.5,2021-22
West Ham,1.0,Liverpool,1.2,2021-22
Leicester,0.4,Chelsea,2.0,2021-22
Wolves,1.4,West Ham,0.4,2021-22
Watford,2.7,Man United,1.4,2021-22
Norwich,0.5,Southampton,1.0,2021-22
Aston Villa,0.7,Brighton,0.4,2021-22
Newcastle,1.5,Brentford,0.9,2021-22
Burnley,1.5,Crystal Palace,1.9,2021-22
Liverpool,4.3,Arsenal,0.4,2021-22
Man City,2.5,Everton,0.2,2021-22
Tottenham,2.1,Leeds,1.4,2021-22
Arsenal,2.5,Newcastle,0.3,2021-22
Crystal Palace,1.0,Aston Villa,0.5,2021-22
Liverpool,2.9,Southampton,1.0,2021-22
Norwich,1.6,Wolves,0.3,2021-22
Brighton,2.1,Leeds,0.6,2021-22
Brentford,1.2,Everton,1.0,2021-22
Leicester,2.1,Watford,2.8,2021-22
Man City,2.1,West Ham,0.2,2021-22
Chelsea,2.7,Man United,0.9,2021-22
Newcastle,1.1,Norwich,1.2,2021-22
Leeds,1.4,Crystal Palace,1.1,2021-22
Southampton,1.5,Leicester,1.5,2021-22
West Ham,1.3,Brighton,1.3,2021-22
Wolves,0.7,Burnley,0.2,2021-22
Watford,1.0,Chelsea,0.9,2021-22
Aston Villa,0.8,Man City,1.0,2021-22
Everton,0.7,Liverpool,2.4,2021-22
Tottenham,1.9,Brentford,0.3,2021-22
Man United,1.9,Arsenal,1.4,2021-22
West Ham,1.8,Chelsea,1.1,2021-22
Newcastle,1.0,Burnley,0.6,2021-22
Southampton,1.6,Brighton,1.6,2021-22
Wolves,0.1,Liverpool,2.7,2021-22
Watford,0.8,Man City,3.1,2021-22
Leeds,1.2,Brentford,1.0,2021-22
Tottenham,1.6,Norwich,1.2,2021-22
Man United,0.9,Crystal Palace,0.5,2021-22
Aston Villa,2.1,Leicester,1.1,2021-22
Everton,0.9,Arsenal,1.0,2021-22
Brentford,1.6,Watford,0.5,2021-22
Man City,3.2,Wolves,0.2,2021-22
Liverpool,2.2,Aston Villa,0.2,2021-22
Arsenal,1.8,Southampton,0.6,2021-22
Chelsea,2.5,Leeds,1.4,2021-22
Norwich,1.2,Man United,2.0,2021-22
Burnley,0.8,West Ham,0.8,2021-22
Leicester,2.6,Newcastle,1.0,2021-22
Crystal Palace,1.8,Everton,1.0,2021-22
Norwich,0.5,Aston Villa,2.0,2021-22
Man City,3.1,Leeds,0.3,2021-22
Brighton,1.2,Wolves,1.0,2021-22
Crystal Palace,1.2,Southampton,0.6,2021-22
Arsenal,2.8,West Ham,0.4,2021-22
Chelsea,2.9,Everton,0.6,2021-22
Liverpool,2.7,Newcastle,0.3,2021-22
Leeds,1.6,Arsenal,3.5,2021-22
Wolves,0.2,Chelsea,0.9,2021-22
Newcastle,0.3,Man City,2.9,2021-22
Tottenham,3.0,Liverpool,1.1,2021-22
West Ham,1.6,Southampton,1.2,2021-22
Man City,3.6,Leicester,2.7,2021-22
Norwich,0.1,Arsenal,2.5,2021-22
Tottenham,2.3,Crystal Palace,0.2,2021-22
Aston Villa,0.4,Chelsea,2.6,2021-22
Brighton,0.8,Brentford,0.7,2021-22
Newcastle,1.3,Man United,1.6,2021-22
Southampton,0.4,Tottenham,2.3,2021-22
Crystal Palace,1.9,Norwich,0.9,2021-22
Watford,1.6,West Ham,3.6,2021-22
Leicester,0.4,Liverpool,2.3,2021-22
Chelsea,0.7,Brighton,0.9,2021-22
Brentford,0.4,Man City,1.1,2021-22
Man United,2.4,Burnley,1.1,2021-22
Arsenal,0.8,Man City,2.0,2021-22
Watford,0.3,Tottenham,2.2,2021-22
Crystal Palace,2.4,West Ham,2.2,2021-22
Leeds,1.9,Burnley,1.0,2021-22
Brentford,0.6,Aston Villa,0.8,2021-22
Everton,1.6,Brighton,1.7,2021-22
Chelsea,1.2,Liverpool,1.3,2021-22
Man United,0.8,Wolves,0.7,2021-22
Southampton,1.4,Brentford,0.5,2021-22
West Ham,2.5,Norwich,0.3,2021-22
Brighton,2.0,Crystal Palace,0.2,2021-22
Man City,1.0,Chelsea,0.3,2021-22
Norwich,1.0,Everton,0.6,2021-22
Newcastle,1.2,Watford,1.4,2021-22
Wolves,2.5,Southampton,0.8,2021-22
Aston Villa,1.9,Man United,1.0,2021-22
West Ham,2.4,Leeds,2.2,2021-22
Liverpool,2.7,Brentford,0.7,2021-22
Brighton,0.7,Chelsea,0.7,2021-22
Leicester,1.2,Tottenham,3.1,2021-22
Brentford,2.3,Man United,2.3,2021-22
Watford,1.2,Norwich,1.1,2021-22
Everton,1.6,Aston Villa,0.8,2021-22
Leeds,0.7,Newcastle,0.9,2021-22
Man United,1.9,West Ham,0.3,2021-22
Brentford,1.1,Wolves,0.2,2021-22
Southampton,0.8,Man City,1.8,2021-22
Crystal Palace,2.2,Liverpool,1.9,2021-22
Arsenal,1.2,Burnley,0.4,2021-22
Leicester,1.4,Brighton,1.1,2021-22
Chelsea,1.2,Tottenham,0.5,2021-22
Burnley,0.6,Watford,0.8,2021-22
West Ham,0.8,Watford,0.3,2021-22
Newcastle,1.9,Everton,0.7,2021-22
Burnley,0.4,Man United,1.8,2021-22
Tottenham,1.4,Southampton,2.2,2021-22
Norwich,0.4,Crystal Palace,1.3,2021-22
Man City,1.9,Brentford,0.4,2021-22
Aston Villa,1.6,Leeds,1.8,2021-22
Liverpool,1.8,Leicester,0.5,2021-22
Wolves,0.8,Arsenal,1.8,2021-22
Man United,2.1,Southampton,0.8,2021-22
Everton,2.7,Leeds,0.3,2021-22
Brentford,1.6,Crystal Palace,0.3,2021-22
Watford,0.5,Brighton,1.6,2021-22
Norwich,0.4,Man City,4.6,2021-22
Newcastle,0.5,Aston Villa,0.6,2021-22
Burnley,1.5,Liverpool,1.7,2021-22
Tottenham,1.2,Wolves,1.3,2021-22
Leicester,1.4,West Ham,1.1,2021-22
Man United,1.7,Brighton,0.7,2021-22
West Ham,0.6,Newcastle,0.8,2021-22
Aston Villa,1.3,Watford,1.2,2021-22
Arsenal,1.7,Brentford,0.6,2021-22
Southampton,2.5,Everton,0.3,2021-22
Liverpool,3.6,Norwich,0.6,2021-22
Brighton,0.6,Burnley,0.7,2021-22
Crystal Palace,0.5,Chelsea,0.9,2021-22
Man City,2.1,Tottenham,1.4,2021-22
Leeds,1.8,Man United,2.2,2021-22
Wolves,0.5,Leicester,1.7,2021-22
Burnley,0.9,Tottenham,0.7,2021-22
Watford,1.4,Crystal Palace,1.1,2021-22
Liverpool,5.9,Leeds,0.2,2021-22
Arsenal,3.1,Wolves,1.0,2021-22
Southampton,2.6,Norwich,0.6,2021-22
Leeds,1.5,Tottenham,1.9,2021-22
Crystal Palace,1.0,Burnley,0.2,2021-22
Man United,2.8,Watford,0.6,2021-22
Brighton,0.7,Aston Villa,1.0,2021-22
Brentford,0.4,Newcastle,2.7,2021-22
Everton,0.5,Man City,1.8,2021-22
West Ham,1.8,Wolves,0.7,2021-22
Burnley,0.9,Leicester,1.5,2021-22
Leicester,0.4,Leeds,1.7,2021-22
Newcastle,1.7,Brighton,1.5,2021-22
Aston Villa,2.5,Southampton,1.1,2021-22
Burnley,0.7,Chelsea,2.3,2021-22
Wolves,0.7,Crystal Palace,2.7,2021-22
Norwich,1.0,Brentford,2.0,2021-22
Liverpool,2.4,West Ham,1.3,2021-22
Watford,1.0,Arsenal,1.0,2021-22
Man City,2.7,Man United,0.5,2021-22
Tottenham,2.5,Everton,0.2,2021-22
Wolves,0.7,Watford,0.6,2021-22
Southampton,1.1,Newcastle,0.6,2021-22
Norwich,1.0,Chelsea,1.8,2021-22
Leeds,0.2,Aston Villa,1.5,2021-22
Brighton,0.5,Liverpool,2.2,2021-22
Brentford,1.9,Burnley,0.7,2021-22
Man United,1.0,Tottenham,1.5,2021-22
Chelsea,1.1,Newcastle,0.3,2021-22
Southampton,1.4,Watford,1.7,2021-22
West Ham,1.2,Aston Villa,1.1,2021-22
Everton,0.4,Wolves,0.8,2021-22
Leeds,2.5,Norwich,1.5,2021-22
Arsenal,2.4,Leicester,0.4,2021-22
Crystal Palace,0.6,Man City,2.8,2021-22
Brighton,0.7,Tottenham,2.2,2021-22
Arsenal,0.5,Liverpool,0.8,2021-22
Everton,0.7,Newcastle,0.9,2021-22
Wolves,1.2,Leeds,2.0,2021-22
Aston Villa,0.5,Arsenal,1.3,2021-22
Leicester,1.0,Brentford,1.3,2021-22
Tottenham,3.0,West Ham,0.6,2021-22
Liverpool,2.2,Watford,0.6,2021-22
Wolves,1.3,Aston Villa,2.1,2021-22
Leeds,1.2,Southampton,1.4,2021-22
Chelsea,1.3,Brentford,1.8,2021-22
Burnley,0.1,Man City,1.8,2021-22
Brighton,2.8,Norwich,0.4,2021-22
Man United,0.9,Leicester,0.8,2021-22
West Ham,1.2,Everton,0.7,2021-22
Tottenham,3.1,Newcastle,0.5,2021-22
Crystal Palace,1.5,Arsenal,0.8,2021-22
Burnley,2.0,Everton,2.4,2021-22
Newcastle,1.5,Wolves,0.4,2021-22
Everton,0.4,Man United,0.8,2021-22
Arsenal,1.9,Brighton,0.6,2021-22
Southampton,0.5,Chelsea,4.2,2021-22
Watford,1.1,Leeds,0.7,2021-22
Aston Villa,1.6,Tottenham,1.1,2021-22
Brentford,1.4,West Ham,0.3,2021-22
Leicester,1.0,Crystal Palace,1.4,2021-22
Norwich,1.7,Burnley,1.7,2021-22
Man City,1.3,Liverpool,1.3,2021-22
Tottenham,0.5,Brighton,0.6,2021-22
Man United,1.9,Norwich,1.5,2021-22
Watford,1.7,Brentford,1.9,2021-22
Southampton,0.8,Arsenal,1.7,2021-22
Newcastle,1.8,Leicester,0.6,2021-22
West Ham,2.2,Burnley,1.8,2021-22
Liverpool,2.0,Man United,0.1,2021-22
Everton,1.8,Leicester,0.9,2021-22
Chelsea,0.7,Arsenal,2.0,2021-22
Newcastle,0.9,Crystal Palace,0.5,2021-22
Man City,1.3,Brighton,0.2,2021-22
Burnley,1.5,Southampton,0.9,2021-22
Arsenal,2.3,Man United,1.8,2021-22
Leicester,0.3,Aston Villa,0.9,2021-22
Man City,3.6,Watford,0.5,2021-22
Norwich,0.6,Newcastle,1.9,2021-22
Brentford,0.9,Tottenham,0.6,2021-22
Brighton,1.7,Southampton,0.9,2021-22
Burnley,1.4,Wolves,0.6,2021-22
Chelsea,3.0,West Ham,0.5,2021-22
Liverpool,1.7,Everton,0.4,2021-22
Crystal Palace,1.9,Leeds,0.5,2021-22
Man United,0.5,Chelsea,1.9,2021-22
Newcastle,0.2,Liverpool,2.3,2021-22
Watford,1.0,Burnley,1.6,2021-22
Wolves,0.7,Brighton,2.6,2021-22
Aston Villa,1.8,Norwich,0.5,2021-22
Southampton,0.6,Crystal Palace,1.1,2021-22
Leeds,1.3,Man City,2.4,2021-22
Tottenham,1.2,Leicester,0.5,2021-22
Everton,0.8,Chelsea,0.8,2021-22
West Ham,0.5,Arsenal,0.9,2021-22
Man United,2.0,Brentford,0.6,2021-22
Crystal Palace,2.2,Watford,0.4,2021-22
Brentford,2.6,Southampton,1.4,2021-22
Chelsea,1.7,Wolves,2.0,2021-22
Burnley,1.9,Aston Villa,2.1,2021-22
Brighton,2.3,Man United,0.9,2021-22
Liverpool,1.3,Tottenham,0.9,2021-22
Leicester,1.5,Everton,1.1,2021-22
Norwich,0.8,West Ham,3.0,2021-22
Arsenal,2.0,Leeds,0.3,2021-22
Man City,3.1,Newcastle,0.8,2021-22
Aston Villa,1.4,Liverpool,1.8,2021-22
Leeds,0.4,Chelsea,1.3,2021-22
Leicester,2.0,Norwich,1.1,2021-22
Watford,0.3,Everton,0.7,2021-22
Wolves,0.5,Man City,2.3,2021-22
Tottenham,2.7,Arsenal,0.5,2021-22
Tottenham,2.2,Burnley,0.7,2021-22
Leeds,1.6,Brighton,2.2,2021-22
Watford,1.4,Leicester,2.5,2021-22
Wolves,0.9,Norwich,1.1,2021-22
Aston Villa,1.0,Crystal Palace,1.4,2021-22
West Ham,1.1,Man City,2.4,2021-22
Everton,2.1,Brentford,1.4,2021-22
Newcastle,1.6,Arsenal,0.6,2021-22
Southampton,0.1,Liverpool,1.3,2021-22
Everton,0.8,Crystal Palace,1.1,2021-22
Aston Villa,1.5,Burnley,1.6,2021-22
Chelsea,1.6,Leicester,0.1,2021-22
Brentford,0.8,Leeds,1.3,2021-22
Leicester,3.4,Southampton,1.1,2021-22
Crystal Palace,0.6,Man United,0.7,2021-22
Arsenal,4.2,Everton,1.1,2021-22
Brighton,1.6,West Ham,0.2,2021-22
Norwich,0.5,Tottenham,3.4,2021-22
Man City,3.4,Aston Villa,0.2,2021-22
Liverpool,2.7,Wolves,1.3,2021-22
Burnley,1.6,Newcastle,1.8,2021-22
Chelsea,2.2,Watford,0.6,2021-22
Fulham,0.1,Arsenal,1.9,2020-21
Crystal Palace,1.1,Southampton,0.9,2020-21
Liverpool,2.7,Leeds,0.3,2020-21
West Ham,1.0,Newcastle,1.6,2020-21
West Brom,0.4,Leicester,2.8,2020-21
Tottenham,1.1,Everton,1.2,2020-21
Sheffield United,1.0,Wolves,1.4,2020-21
Brighton,1.1,Chelsea,1.2,2020-21
Everton,3.9,West Brom,0.3,2020-21
Leeds,1.4,Fulham,1.7,2020-21
Man United,1.2,Crystal Palace,1.6,2020-21
Arsenal,1.1,West Ham,2.0,2020-21
Southampton,2.0,Tottenham,2.1,2020-21
Newcastle,0.5,Brighton,1.8,2020-21
Chelsea,0.9,Liverpool,2.1,2020-21
Leicester,1.2,Burnley,1.4,2020-21
Aston Villa,1.0,Sheffield United,0.9,2020-21
Wolves,0.6,Man City,1.9,2020-21
Brighton,2.5,Man United,1.5,2020-21
Crystal Palace,0.4,Everton,1.9,2020-21
West Brom,0.6,Chelsea,2.0,2020-21
Burnley,0.5,Southampton,0.6,2020-21
Sheffield United,1.4,Leeds,1.2,2020-21
Tottenham,2.9,Newcastle,1.0,2020-21
Man City,0.9,Leicester,2.9,2020-21
West Ham,2.4,Wolves,0.5,2020-21
Fulham,0.7,Aston Villa,1.4,2020-21
Liverpool,2.7,Arsenal,1.3,2020-21
Chelsea,2.7,Crystal Palace,0.2,2020-21
Everton,1.6,Brighton,1.3,2020-21
Leeds,2.4,Man City,1.2,2020-21
Newcastle,1.8,Burnley,0.4,2020-21
Southampton,1.2,West Brom,0.2,2020-21
Leicester,0.6,West Ham,2.0,2020-21
Arsenal,0.6,Sheffield United,0.2,2020-21
Wolves,1.2,Fulham,0.9,2020-21
Man United,0.9,Tottenham,3.4,2020-21
Aston Villa,2.7,Liverpool,1.8,2020-21
Everton,1.2,Liverpool,2.6,2020-21
Chelsea,1.8,Southampton,1.9,2020-21
Man City,1.3,Arsenal,0.9,2020-21
Newcastle,0.9,Man United,2.3,2020-21
Sheffield United,1.7,Fulham,1.5,2020-21
Crystal Palace,0.8,Brighton,1.7,2020-21
Tottenham,1.7,West Ham,1.9,2020-21
Leicester,0.6,Aston Villa,0.7,2020-21
West Brom,0.8,Burnley,1.1,2020-21
Leeds,1.0,Wolves,0.4,2020-21
Aston Villa,1.4,Leeds,2.7,2020-21
West Ham,0.3,Man City,1.0,2020-21
Fulham,1.1,Crystal Palace,2.5,2020-21
Man United,0.6,Chelsea,0.2,2020-21
Liverpool,2.3,Sheffield United,1.6,2020-21
Southampton,0.7,Everton,0.4,2020-21
Wolves,0.7,Newcastle,0.3,2020-21
Arsenal,0.7,Leicester,0.7,2020-21
Brighton,0.5,West Brom,0.4,2020-21
Burnley,1.0,Tottenham,0.6,2020-21
Wolves,1.3,Crystal Palace,0.7,2020-21
Sheffield United,0.5,Man City,1.6,2020-21
Burnley,0.5,Chelsea,0.9,2020-21
Liverpool,1.7,West Ham,0.3,2020-21
Aston Villa,1.9,Southampton,0.7,2020-21
Newcastle,2.9,Everton,1.5,2020-21
Man United,0.4,Arsenal,1.0,2020-21
Tottenham,1.7,Brighton,0.3,2020-21
Fulham,1.5,West Brom,0.5,2020-21
Leeds,2.1,Leicester,2.9,2020-21
Brighton,1.5,Burnley,0.5,2020-21
Southampton,0.7,Newcastle,0.3,2020-21
Everton,0.4,Man United,1.5,2020-21
Crystal Palace,0.9,Leeds,0.8,2020-21
Chelsea,2.2,Sheffield United,0.4,2020-21
West Ham,1.3,Fulham,1.7,2020-21
West Brom,0.8,Tottenham,1.9,2020-21
Leicester,2.0,Wolves,0.8,2020-21
Man City,1.4,Liverpool,1.2,2020-21
Arsenal,1.5,Aston Villa,1.8,2020-21
Newcastle,0.3,Chelsea,1.5,2020-21
Aston Villa,1.5,Brighton,1.4,2020-21
Tottenham,0.7,Man City,1.4,2020-21
Man United,2.4,West Brom,0.6,2020-21
Fulham,1.9,Everton,2.0,2020-21
Sheffield United,0.9,West Ham,2.1,2020-21
Leeds,1.8,Arsenal,0.9,2020-21
Liverpool,3.1,Leicester,1.6,2020-21
Burnley,1.5,Crystal Palace,1.5,2020-21
Wolves,1.5,Southampton,1.0,2020-21
Crystal Palace,0.6,Newcastle,1.3,2020-21
Brighton,2.3,Liverpool,0.2,2020-21
Man City,1.7,Burnley,0.5,2020-21
Everton,1.2,Leeds,2.9,2020-21
West Brom,1.2,Sheffield United,2.9,2020-21
Southampton,0.5,Man United,2.1,2020-21
Chelsea,0.8,Tottenham,0.2,2020-21
Arsenal,1.5,Wolves,1.8,2020-21
Leicester,1.2,Fulham,2.2,2020-21
West Ham,0.4,Aston Villa,2.5,2020-21
Burnley,0.8,Everton,2.2,2020-21
Man City,2.9,Fulham,0.3,2020-21
West Ham,2.0,Man United,1.7,2020-21
Chelsea,4.1,Leeds,0.8,2020-21
West Brom,0.7,Crystal Palace,1.6,2020-21
Sheffield United,0.2,Leicester,1.4,2020-21
Tottenham,0.3,Arsenal,0.6,2020-21
Liverpool,1.2,Wolves,0.4,2020-21
Brighton,1.9,Southampton,1.4,2020-21
Leeds,1.6,West Ham,1.3,2020-21
Wolves,1.1,Aston Villa,1.4,2020-21
Newcastle,0.8,West Brom,0.6,2020-21
Man United,0.6,Man City,1.3,2020-21
Everton,1.2,Chelsea,0.7,2020-21
Southampton,2.0,Sheffield United,0.3,2020-21
Crystal Palace,1.6,Tottenham,0.9,2020-21
Fulham,1.5,Liverpool,1.8,2020-21
Leicester,1.5,Brighton,0.9,2020-21
Arsenal,1.6,Burnley,1.4,2020-21
Wolves,0.5,Chelsea,1.0,2020-21
Man City,2.2,West Brom,0.4,2020-21
Arsenal,0.6,Southampton,1.2,2020-21
Leicester,0.8,Everton,1.4,2020-21
Leeds,2.7,Newcastle,1.5,2020-21
Liverpool,1.0,Tottenham,1.1,2020-21
West Ham,0.4,Crystal Palace,1.1,2020-21
Fulham,1.0,Brighton,0.5,2020-21
Aston Villa,1.5,Burnley,0.3,2020-21
Sheffield United,1.5,Man United,1.9,2020-21
Crystal Palace,0.3,Liverpool,2.5,2020-21
Southampton,0.7,Man City,0.9,2020-21
Everton,0.6,Arsenal,1.4,2020-21
Newcastle,1.4,Fulham,1.0,2020-21
Brighton,2.8,Sheffield United,0.5,2020-21
Tottenham,0.7,Leicester,1.7,2020-21
Man United,3.6,Leeds,1.8,2020-21
West Brom,0.0,Aston Villa,2.4,2020-21
Burnley,1.7,Wolves,1.5,2020-21
Chelsea,2.0,West Ham,0.4,2020-21
Leicester,0.9,Man United,1.7,2020-21
Aston Villa,3.9,Crystal Palace,0.9,2020-21
Fulham,0.7,Southampton,0.2,2020-21
Arsenal,2.0,Chelsea,2.6,2020-21
Sheffield United,1.4,Everton,0.7,2020-21
Man City,3.0,Newcastle,0.3,2020-21
Leeds,1.9,Burnley,1.5,2020-21
West Ham,1.3,Brighton,1.1,2020-21
Liverpool,1.5,West Brom,0.6,2020-21
Wolves,0.9,Tottenham,0.4,2020-21
Crystal Palace,0.5,Leicester,1.9,2020-21
Chelsea,1.7,Aston Villa,0.7,2020-21
West Brom,0.5,Leeds,1.2,2020-21
Southampton,0.6,West Ham,1.2,2020-21
Burnley,1.0,Sheffield United,0.7,2020-21
Brighton,0.8,Arsenal,1.1,2020-21
Man United,1.5,Wolves,0.5,2020-21
Newcastle,0.5,Liverpool,1.4,2020-21
Everton,0.4,West Ham,1.3,2020-21
Man United,2.1,Aston Villa,1.4,2020-21
Tottenham,2.6,Leeds,1.1,2020-21
Crystal Palace,0.6,Sheffield United,0.4,2020-21
Brighton,2.2,Wolves,1.6,2020-21
West Brom,1.0,Arsenal,3.7,2020-21
Newcastle,0.5,Leicester,0.6,2020-21
Chelsea,0.8,Man City,2.7,2020-21
Southampton,0.4,Liverpool,1.5,2020-21
Sheffield United,2.1,Newcastle,0.6,2020-21
Burnley,0.9,Man United,1.2,2020-21
Wolves,0.7,Everton,0.6,2020-21
Man City,2.0,Brighton,0.2,2020-21
Tottenham,2.4,Fulham,1.1,2020-21
Arsenal,0.4,Crystal Palace,0.8,2020-21
Wolves,1.5,West Brom,2.4,2020-21
West Ham,1.7,Burnley,0.5,2020-21
Leeds,0.3,Brighton,1.4,2020-21
Fulham,0.7,Chelsea,1.6,2020-21
Leicester,2.2,Southampton,0.6,2020-21
Sheffield United,0.9,Tottenham,1.0,2020-21
Liverpool,1.2,Man United,1.1,2020-21
Man City,0.7,Crystal Palace,0.1,2020-21
Arsenal,2.4,Newcastle,0.2,2020-21
West Ham,2.0,West Brom,0.5,2020-21
Leicester,1.4,Chelsea,0.7,2020-21
Man City,3.4,Aston Villa,0.6,2020-21
Fulham,0.9,Man United,1.7,2020-21
Liverpool,1.6,Burnley,1.1,2020-21
Aston Villa,2.3,Newcastle,0.5,2020-21
Newcastle,1.4,Leeds,0.7,2020-21
Crystal Palace,0.7,West Ham,2.8,2020-21
West Brom,0.5,Man City,1.8,2020-21
Southampton,0.8,Arsenal,2.2,2020-21
Chelsea,0.7,Wolves,0.5,2020-21
Burnley,0.5,Aston Villa,2.2,2020-21
Brighton,1.8,Fulham,0.5,2020-21
Everton,0.5,Leicester,1.2,2020-21
Man United,1.1,Sheffield United,1.0,2020-21
Tottenham,0.1,Liverpool,2.5,2020-21
Everton,0.8,Newcastle,1.7,2020-21
Crystal Palace,1.4,Wolves,0.4,2020-21
Man City,1.5,Sheffield United,0.2,2020-21
West Brom,1.0,Fulham,1.3,2020-21
Arsenal,0.9,Man United,1.6,2020-21
Southampton,1.9,Aston Villa,0.6,2020-21
Chelsea,1.2,Burnley,0.2,2020-21
Leicester,1.8,Leeds,2.1,2020-21
West Ham,0.8,Liverpool,2.0,2020-21
Brighton,1.6,Tottenham,0.4,2020-21
Sheffield United,1.3,West Brom,1.6,2020-21
Wolves,1.5,Arsenal,0.8,2020-21
Man United,4.7,Southampton,0.5,2020-21
Newcastle,1.9,Crystal Palace,0.7,2020-21
Burnley,0.1,Man City,2.0,2020-21
Fulham,0.6,Leicester,1.4,2020-21
Leeds,1.3,Everton,1.6,2020-21
Liverpool,1.0,Brighton,1.3,2020-21
Aston Villa,0.7,West Ham,1.7,2020-21
Tottenham,0.6,Chelsea,1.6,2020-21
Aston Villa,1.2,Arsenal,0.8,2020-21
Burnley,1.8,Brighton,0.5,2020-21
Newcastle,0.7,Southampton,1.3,2020-21
Fulham,1.5,West Ham,1.0,2020-21
Man United,1.8,Everton,1.5,2020-21
Tottenham,1.5,West Brom,0.6,2020-21
Wolves,1.1,Leicester,0.8,2020-21
Liverpool,1.2,Man City,3.5,2020-21
Sheffield United,0.6,Chelsea,1.6,2020-21
Leeds,1.9,Crystal Palace,0.4,2020-21
Leicester,1.9,Liverpool,1.7,2020-21
Crystal Palace,0.5,Burnley,1.4,2020-21
Man City,2.2,Tottenham,0.3,2020-21
Brighton,2.2,Aston Villa,0.1,2020-21
Southampton,0.8,Wolves,1.1,2020-21
West Brom,1.0,Man United,0.5,2020-21
Arsenal,2.3,Leeds,0.9,2020-21
Everton,0.3,Fulham,2.5,2020-21
West Ham,1.9,Sheffield United,0.7,2020-21
Chelsea,2.2,Newcastle,0.6,2020-21
Burnley,0.9,Fulham,0.5,2020-21
Everton,1.0,Man City,1.0,2020-21
Wolves,0.6,Leeds,1.7,2020-21
Southampton,0.6,Chelsea,1.2,2020-21
Burnley,0.5,West Brom,1.6,2020-21
Liverpool,1.4,Everton,1.6,2020-21
Fulham,1.2,Sheffield United,0.9,2020-21
West Ham,1.1,Tottenham,1.1,2020-21
Aston Villa,1.4,Leicester,1.1,2020-21
Arsenal,0.3,Man City,1.8,2020-21
Man United,1.7,Newcastle,0.4,2020-21
Brighton,2.4,Crystal Palace,0.2,2020-21
Leeds,1.3,Southampton,0.9,2020-21
Man City,0.5,West Ham,1.5,2020-21
West Brom,0.8,Brighton,2.9,2020-21
Leeds,0.9,Aston Villa,0.7,2020-21
Newcastle,1.7,Wolves,1.1,2020-21
Crystal Palace,0.1,Fulham,1.4,2020-21
Leicester,0.4,Arsenal,2.3,2020-21
Tottenham,2.1,Burnley,0.7,2020-21
Chelsea,1.1,Man United,0.4,2020-21
Sheffield United,0.7,Liverpool,2.7,2020-21
Everton,1.2,Southampton,0.6,2020-21
Man City,3.3,Wolves,0.3,2020-21
Sheffield United,0.9,Aston Villa,2.3,2020-21
Burnley,1.8,Leicester,1.2,2020-21
Crystal Palace,0.9,Man United,0.9,2020-21
West Brom,1.0,Everton,1.0,2020-21
Fulham,0.7,Tottenham,1.6,2020-21
Liverpool,0.3,Chelsea,1.0,2020-21
Burnley,1.1,Arsenal,2.5,2020-21
Sheffield United,0.7,Southampton,1.9,2020-21
Aston Villa,0.6,Wolves,1.6,2020-21
Brighton,0.8,Leicester,0.9,2020-21
West Brom,2.0,Newcastle,0.5,2020-21
Liverpool,0.9,Fulham,1.3,2020-21
Man City,1.3,Man United,1.7,2020-21
Tottenham,2.7,Crystal Palace,0.5,2020-21
Chelsea,2.4,Everton,0.3,2020-21
West Ham,1.8,Leeds,1.4,2020-21
Man City,2.6,Southampton,1.6,2020-21
Newcastle,1.5,Aston Villa,0.9,2020-21
Leeds,0.4,Chelsea,1.0,2020-21
Crystal Palace,1.2,West Brom,0.8,2020-21
Everton,1.5,Burnley,0.8,2020-21
Fulham,0.3,Man City,2.2,2020-21
Southampton,0.6,Brighton,0.8,2020-21
Leicester,4.0,Sheffield United,0.1,2020-21
Arsenal,1.7,Tottenham,0.4,2020-21
Man United,1.5,West Ham,0.6,2020-21
Wolves,1.1,Liverpool,0.9,2020-21
Fulham,1.6,Leeds,1.3,2020-21
Brighton,0.9,Newcastle,0.1,2020-21
West Ham,2.4,Arsenal,1.4,2020-21
Aston Villa,0.4,Tottenham,1.8,2020-21
Chelsea,2.1,West Brom,1.6,2020-21
Leeds,2.4,Sheffield United,1.1,2020-21
Leicester,0.3,Man City,1.4,2020-21
Arsenal,0.1,Liverpool,2.4,2020-21
Southampton,2.2,Burnley,1.5,2020-21
Newcastle,3.4,Tottenham,2.7,2020-21
Aston Villa,1.5,Fulham,1.0,2020-21
Man United,1.5,Brighton,1.2,2020-21
Everton,2.5,Crystal Palace,0.7,2020-21
Wolves,2.1,West Ham,1.3,2020-21
Fulham,0.9,Wolves,0.5,2020-21
Man City,2.1,Leeds,0.1,2020-21
Liverpool,2.3,Aston Villa,0.5,2020-21
Crystal Palace,0.4,Chelsea,3.1,2020-21
Burnley,2.0,Newcastle,1.2,2020-21
West Ham,0.8,Leicester,0.9,2020-21
Tottenham,0.9,Man United,2.1,2020-21
Sheffield United,0.3,Arsenal,1.7,2020-21
West Brom,3.0,Southampton,1.5,2020-21
Brighton,1.2,Everton,0.4,2020-21
Everton,1.8,Tottenham,1.4,2020-21
Newcastle,2.2,West Ham,1.9,2020-21
Wolves,1.1,Sheffield United,0.5,2020-21
Arsenal,2.7,Fulham,0.9,2020-21
Man United,2.5,Burnley,0.9,2020-21
Leeds,2.3,Liverpool,1.4,2020-21
Chelsea,0.7,Brighton,0.5,2020-21
Tottenham,1.4,Southampton,0.8,2020-21
Aston Villa,0.7,Man City,1.2,2020-21
Leicester,2.1,West Brom,0.5,2020-21
Arsenal,0.8,Everton,0.5,2020-21
Liverpool,2.4,Newcastle,1.0,2020-21
West Ham,0.4,Chelsea,2.5,2020-21
Sheffield United,0.7,Brighton,2.0,2020-21
Wolves,0.4,Burnley,2.0,2020-21
Leeds,0.3,Man United,1.2,2020-21
Aston Villa,3.2,West Brom,1.5,2020-21
Leicester,1.5,Crystal Palace,0.7,2020-21
Southampton,0.9,Leicester,1.9,2020-21
Crystal Palace,0.9,Man City,1.7,2020-21
Brighton,2.3,Leeds,0.6,2020-21
Chelsea,1.7,Fulham,0.3,2020-21
Everton,1.0,Aston Villa,1.6,2020-21
Newcastle,0.3,Arsenal,2.0,2020-21
Tottenham,2.2,Sheffield United,0.5,2020-21
West Brom,1.1,Wolves,1.0,2020-21
Burnley,2.0,West Ham,2.3,2020-21
Leicester,2.2,Newcastle,2.7,2020-21
Leeds,2.5,Tottenham,0.9,2020-21
Sheffield United,0.7,Crystal Palace,2.0,2020-21
Man City,1.8,Chelsea,0.7,2020-21
Liverpool,1.7,Southampton,1.1,2020-21
Wolves,1.1,Brighton,0.3,2020-21
Aston Villa,0.5,Man United,1.7,2020-21
West Ham,1.3,Everton,1.5,2020-21
Arsenal,0.9,West Brom,1.8,2020-21
Fulham,1.0,Burnley,1.5,2020-21
Man United,0.2,Leicester,0.9,2020-21
Southampton,1.2,Crystal Palace,1.5,2020-21
Chelsea,1.8,Arsenal,0.6,2020-21
Aston Villa,0.6,Everton,1.0,2020-21
Man United,1.9,Liverpool,2.7,2020-21
Newcastle,2.2,Man City,1.5,2020-21
Burnley,1.3,Leeds,1.5,2020-21
Southampton,1.6,Fulham,0.8,2020-21
Brighton,0.8,West Ham,1.7,2020-21
Crystal Palace,1.9,Aston Villa,1.4,2020-21
Tottenham,3.2,Wolves,0.9,2020-21
West Brom,1.0,Liverpool,1.9,2020-21
Everton,1.4,Sheffield United,1.2,2020-21
Man United,0.9,Fulham,0.9,2020-21
Southampton,1.6,Leeds,1.7,2020-21
Brighton,1.1,Man City,0.9,2020-21
Chelsea,3.1,Leicester,0.8,2020-21
Newcastle,1.6,Sheffield United,0.9,2020-21
Tottenham,0.8,Aston Villa,1.4,2020-21
Everton,0.7,Wolves,0.3,2020-21
Crystal Palace,1.0,Arsenal,1.8,2020-21
Burnley,0.8,Liverpool,2.6,2020-21
West Brom,1.1,West Ham,3.4,2020-21
Aston Villa,1.1,Chelsea,3.3,2020-21
Leicester,1.9,Tottenham,1.5,2020-21
Man City,2.5,Everton,1.1,2020-21
Sheffield United,0.5,Burnley,1.1,2020-21
Wolves,0.9,Man United,2.0,2020-21
West Ham,1.3,Southampton,1.5,2020-21
Leeds,2.3,West Brom,1.0,2020-21
Arsenal,0.8,Brighton,0.2,2020-21
Liverpool,1.6,Crystal Palace,0.6,2020-21
Fulham,1.0,Newcastle,1.3,2020-21
Liverpool,1.8,Norwich,0.9,2019-20
West Ham,1.1,Man City,3.2,2019-20
Burnley,0.9,Southampton,1.2,2019-20
Watford,0.7,Brighton,0.8,2019-20
Crystal Palace,0.9,Everton,1.1,2019-20
Bournemouth,1.3,Sheffield United,1.3,2019-20
Tottenham,2.4,Aston Villa,0.7,2019-20
Newcastle,0.4,Arsenal,1.1,2019-20
Leicester,0.7,Wolves,0.7,2019-20
Man United,2.2,Chelsea,1.0,2019-20
Arsenal,0.8,Burnley,1.5,2019-20
Norwich,1.7,Newcastle,0.9,2019-20
Aston Villa,2.0,Bournemouth,1.6,2019-20
Brighton,2.0,West Ham,0.8,2019-20
Southampton,1.9,Liverpool,1.3,2019-20
Everton,0.7,Watford,1.2,2019-20
Man City,2.9,Tottenham,0.1,2019-20
Sheffield United,2.2,Crystal Palace,0.3,2019-20
Chelsea,1.1,Leicester,0.8,2019-20
Wolves,0.3,Man United,1.2,2019-20
Aston Villa,1.0,Everton,1.3,2019-20
Norwich,1.1,Chelsea,1.5,2019-20
Sheffield United,0.3,Leicester,0.8,2019-20
Man United,2.5,Crystal Palace,1.1,2019-20
Watford,2.3,West Ham,3.5,2019-20
Brighton,0.8,Southampton,1.7,2019-20
Liverpool,2.5,Arsenal,1.0,2019-20
Bournemouth,2.2,Man City,3.0,2019-20
Wolves,1.5,Burnley,1.6,2019-20
Tottenham,1.1,Newcastle,0.8,2019-20
Southampton,0.9,Man United,1.5,2019-20
West Ham,2.0,Norwich,1.4,2019-20
Crystal Palace,1.4,Aston Villa,0.4,2019-20
Leicester,2.0,Bournemouth,0.6,2019-20
Chelsea,2.0,Sheffield United,1.1,2019-20
Newcastle,1.0,Watford,1.0,2019-20
Man City,1.9,Brighton,0.9,2019-20
Burnley,0.9,Liverpool,1.0,2019-20
Everton,1.3,Wolves,2.0,2019-20
Arsenal,2.4,Tottenham,2.0,2019-20
Liverpool,3.0,Newcastle,0.3,2019-20
Wolves,1.7,Chelsea,2.7,2019-20
Brighton,1.4,Burnley,0.4,2019-20
Tottenham,1.0,Crystal Palace,0.6,2019-20
Man United,1.2,Leicester,0.6,2019-20
Sheffield United,1.8,Southampton,1.6,2019-20
Norwich,1.5,Man City,2.3,2019-20
Bournemouth,1.4,Everton,1.5,2019-20
Watford,2.7,Arsenal,0.8,2019-20
Aston Villa,1.3,West Ham,0.6,2019-20
Southampton,2.5,Bournemouth,1.2,2019-20
Leicester,1.3,Tottenham,1.1,2019-20
Man City,5.9,Watford,0.4,2019-20
Everton,1.0,Sheffield United,0.5,2019-20
Burnley,2.0,Norwich,0.8,2019-20
Newcastle,0.9,Brighton,1.4,2019-20
Crystal Palace,0.9,Wolves,1.5,2019-20
West Ham,0.4,Man United,0.9,2019-20
Chelsea,1.3,Liverpool,0.6,2019-20
Arsenal,2.4,Aston Villa,1.5,2019-20
Sheffield United,1.3,Liverpool,1.9,2019-20
Chelsea,3.7,Brighton,0.6,2019-20
Tottenham,1.0,Southampton,1.5,2019-20
Aston Villa,1.0,Burnley,1.5,2019-20
Crystal Palace,1.5,Norwich,0.7,2019-20
Wolves,1.4,Watford,1.4,2019-20
Bournemouth,1.9,West Ham,1.6,2019-20
Everton,2.4,Man City,2.8,2019-20
Leicester,1.6,Newcastle,0.1,2019-20
Man United,0.9,Arsenal,1.9,2019-20
Brighton,2.4,Tottenham,0.4,2019-20
Watford,1.4,Sheffield United,0.4,2019-20
Burnley,0.6,Everton,1.3,2019-20
Liverpool,3.5,Leicester,0.1,2019-20
Norwich,2.6,Aston Villa,3.0,2019-20
West Ham,1.4,Crystal Palace,2.1,2019-20
Man City,1.4,Wolves,1.0,2019-20
Southampton,1.4,Chelsea,1.7,2019-20
Arsenal,1.2,Bournemouth,0.6,2019-20
Newcastle,0.8,Man United,0.9,2019-20
Everton,2.1,West Ham,0.8,2019-20
Aston Villa,3.0,Brighton,1.2,2019-20
Leicester,1.0,Burnley,1.5,2019-20
Tottenham,1.0,Watford,0.7,2019-20
Wolves,0.9,Southampton,1.4,2019-20
Chelsea,2.0,Newcastle,0.4,2019-20
Bournemouth,0.7,Norwich,0.4,2019-20
Crystal Palace,0.9,Man City,3.5,2019-20
Man United,0.7,Liverpool,1.2,2019-20
Sheffield United,0.9,Arsenal,1.0,2019-20
Southampton,0.3,Leicester,4.6,2019-20
Man City,2.9,Aston Villa,1.0,2019-20
Watford,0.8,Bournemouth,1.0,2019-20
West Ham,2.3,Sheffield United,1.0,2019-20
Brighton,1.2,Everton,0.9,2019-20
Burnley,2.1,Chelsea,0.9,2019-20
Newcastle,1.0,Wolves,2.1,2019-20
Arsenal,1.3,Crystal Palace,1.6,2019-20
Liverpool,2.6,Tottenham,1.2,2019-20
Norwich,1.0,Man United,4.2,2019-20
Bournemouth,1.9,Man United,0.8,2019-20
Sheffield United,2.3,Burnley,0.8,2019-20
Brighton,2.7,Norwich,0.4,2019-20
Aston Villa,0.4,Liverpool,2.4,2019-20
Arsenal,0.9,Wolves,1.8,2019-20
West Ham,1.8,Newcastle,1.5,2019-20
Man City,2.9,Southampton,0.9,2019-20
Watford,1.3,Chelsea,2.1,2019-20
Crystal Palace,0.5,Leicester,1.1,2019-20
Everton,1.1,Tottenham,0.6,2019-20
Norwich,0.7,Watford,1.3,2019-20
Chelsea,3.6,Crystal Palace,0.2,2019-20
Southampton,0.9,Everton,1.8,2019-20
Burnley,2.1,West Ham,0.5,2019-20
Newcastle,2.4,Bournemouth,1.8,2019-20
Tottenham,1.8,Sheffield United,0.9,2019-20
Leicester,1.2,Arsenal,1.0,2019-20
Man United,3.6,Brighton,0.8,2019-20
Wolves,2.4,Aston Villa,0.6,2019-20
Liverpool,1.1,Man City,1.3,2019-20
West Ham,0.7,Tottenham,2.1,2019-20
Crystal Palace,1.0,Liverpool,1.4,2019-20
Arsenal,1.8,Southampton,2.4,2019-20
Bournemouth,0.6,Wolves,1.1,2019-20
Everton,0.9,Norwich,1.7,2019-20
Brighton,0.6,Leicester,3.6,2019-20
Watford,1.0,Burnley,1.9,2019-20
Man City,1.0,Chelsea,0.9,2019-20
Sheffield United,1.3,Man United,1.3,2019-20
Aston Villa,2.3,Newcastle,0.6,2019-20
Newcastle,0.3,Man City,2.4,2019-20
Tottenham,2.3,Bournemouth,1.1,2019-20
Liverpool,1.3,Brighton,0.8,2019-20
Burnley,1.9,Crystal Palace,0.7,2019-20
Chelsea,2.3,West Ham,0.9,2019-20
Southampton,2.1,Watford,0.6,2019-20
Norwich,0.8,Arsenal,1.9,2019-20
Wolves,1.3,Sheffield United,1.5,2019-20
Leicester,2.2,Everton,1.1,2019-20
Man United,1.7,Aston Villa,1.2,2019-20
Crystal Palace,0.3,Bournemouth,0.4,2019-20
Burnley,0.6,Man City,2.2,2019-20
Wolves,1.5,West Ham,0.6,2019-20
Southampton,1.7,Norwich,0.9,2019-20
Chelsea,1.8,Aston Villa,1.0,2019-20
Man United,1.4,Tottenham,0.9,2019-20
Leicester,2.4,Watford,0.2,2019-20
Liverpool,2.0,Everton,1.5,2019-20
Sheffield United,1.1,Newcastle,0.5,2019-20
Arsenal,0.9,Brighton,1.7,2019-20
Everton,1.8,Chelsea,1.1,2019-20
Tottenham,2.6,Burnley,0.9,2019-20
Watford,1.4,Crystal Palace,0.2,2019-20
Bournemouth,0.1,Liverpool,2.4,2019-20
Man City,2.2,Man United,1.4,2019-20
Norwich,0.7,Sheffield United,0.8,2019-20
Aston Villa,1.2,Leicester,4.6,2019-20
Newcastle,0.9,Southampton,1.7,2019-20
Brighton,1.2,Wolves,1.5,2019-20
West Ham,0.6,Arsenal,1.4,2019-20
Liverpool,1.4,Watford,1.0,2019-20
Leicester,1.1,Norwich,1.1,2019-20
Burnley,1.4,Newcastle,1.0,2019-20
Sheffield United,1.7,Aston Villa,1.1,2019-20
Chelsea,2.1,Bournemouth,1.0,2019-20
Southampton,0.9,West Ham,0.9,2019-20
Man United,1.4,Everton,0.3,2019-20
Wolves,0.9,Tottenham,0.9,2019-20
Arsenal,0.5,Man City,1.3,2019-20
Crystal Palace,0.7,Brighton,2.3,2019-20
Everton,0.5,Arsenal,0.6,2019-20
Norwich,1.3,Wolves,1.4,2019-20
Brighton,0.5,Sheffield United,1.3,2019-20
Newcastle,0.5,Crystal Palace,1.3,2019-20
Aston Villa,1.1,Southampton,2.8,2019-20
Bournemouth,0.1,Burnley,0.2,2019-20
Man City,3.3,Leicester,1.1,2019-20
Watford,1.5,Man United,1.8,2019-20
Tottenham,0.3,Chelsea,1.3,2019-20
Tottenham,0.8,Brighton,1.0,2019-20
Aston Villa,0.6,Norwich,1.2,2019-20
Crystal Palace,2.7,West Ham,0.9,2019-20
Bournemouth,2.0,Arsenal,1.4,2019-20
Sheffield United,2.4,Watford,0.6,2019-20
Everton,1.4,Burnley,0.3,2019-20
Chelsea,0.7,Southampton,1.1,2019-20
Man United,1.9,Newcastle,0.8,2019-20
Leicester,0.1,Liverpool,3.2,2019-20
Wolves,2.6,Man City,1.5,2019-20
Brighton,0.8,Bournemouth,0.5,2019-20
Watford,2.8,Aston Villa,0.6,2019-20
Newcastle,1.8,Everton,2.9,2019-20
Southampton,1.4,Crystal Palace,0.3,2019-20
West Ham,1.0,Leicester,2.5,2019-20
Norwich,0.2,Tottenham,1.9,2019-20
Burnley,0.5,Man United,2.2,2019-20
Arsenal,0.5,Chelsea,1.4,2019-20
Liverpool,1.2,Wolves,0.5,2019-20
Man City,1.1,Sheffield United,1.1,2019-20
Brighton,1.3,Chelsea,1.3,2019-20
Burnley,2.2,Aston Villa,1.3,2019-20
Newcastle,0.7,Leicester,2.6,2019-20
Southampton,1.3,Tottenham,0.9,2019-20
Watford,1.1,Wolves,1.2,2019-20
Norwich,1.4,Crystal Palace,1.3,2019-20
West Ham,2.4,Bournemouth,0.6,2019-20
Man City,1.5,Everton,1.0,2019-20
Arsenal,1.5,Man United,0.7,2019-20
Liverpool,2.8,Sheffield United,0.6,2019-20
Sheffield United,1.4,West Ham,0.7,2019-20
Crystal Palace,0.6,Arsenal,1.4,2019-20
Chelsea,2.7,Burnley,0.8,2019-20
Everton,1.7,Brighton,1.3,2019-20
Leicester,0.7,Southampton,2.1,2019-20
Wolves,1.6,Newcastle,0.2,2019-20
Man United,2.9,Norwich,0.3,2019-20
Tottenham,1.2,Liverpool,1.2,2019-20
Bournemouth,0.4,Watford,2.0,2019-20
Aston Villa,1.1,Man City,2.8,2019-20
Watford,2.5,Tottenham,1.9,2019-20
Arsenal,1.4,Sheffield United,0.8,2019-20
Norwich,1.8,Bournemouth,0.7,2019-20
Man City,2.6,Crystal Palace,0.4,2019-20
Southampton,0.7,Wolves,2.4,2019-20
Brighton,1.1,Aston Villa,0.6,2019-20
West Ham,1.3,Everton,1.7,2019-20
Newcastle,0.6,Chelsea,2.4,2019-20
Burnley,1.4,Leicester,2.5,2019-20
Liverpool,1.9,Man United,1.3,2019-20
Crystal Palace,0.6,Southampton,1.1,2019-20
Everton,1.8,Newcastle,1.3,2019-20
Aston Villa,1.3,Watford,1.8,2019-20
Sheffield United,0.8,Man City,2.8,2019-20
Bournemouth,1.4,Brighton,1.8,2019-20
Chelsea,2.9,Arsenal,0.4,2019-20
Leicester,2.8,West Ham,1.6,2019-20
Tottenham,2.1,Norwich,1.5,2019-20
Man United,1.4,Burnley,0.6,2019-20
Wolves,1.8,Liverpool,1.1,2019-20
West Ham,0.7,Liverpool,2.8,2019-20
Leicester,1.4,Chelsea,0.6,2019-20
West Ham,0.8,Brighton,1.9,2019-20
Watford,0.9,Everton,2.2,2019-20
Crystal Palace,0.8,Sheffield United,0.7,2019-20
Liverpool,3.2,Southampton,0.8,2019-20
Bournemouth,2.2,Aston Villa,1.7,2019-20
Newcastle,1.0,Norwich,2.2,2019-20
Man United,1.0,Wolves,1.3,2019-20
Burnley,1.9,Arsenal,1.2,2019-20
Tottenham,0.3,Man City,2.4,2019-20
Everton,2.5,Crystal Palace,1.1,2019-20
Brighton,0.8,Watford,0.2,2019-20
Sheffield United,1.9,Bournemouth,1.4,2019-20
Wolves,1.0,Leicester,0.7,2019-20
Southampton,0.8,Burnley,0.8,2019-20
Norwich,0.3,Liverpool,2.0,2019-20
Aston Villa,1.8,Tottenham,3.4,2019-20
Arsenal,2.6,Newcastle,0.9,2019-20
Chelsea,0.9,Man United,0.6,2019-20
Man City,2.1,West Ham,0.1,2019-20
Chelsea,1.7,Tottenham,0.2,2019-20
Crystal Palace,1.6,Newcastle,0.2,2019-20
Southampton,2.6,Aston Villa,0.5,2019-20
Burnley,3.2,Bournemouth,1.8,2019-20
Sheffield United,1.6,Brighton,1.2,2019-20
Leicester,0.8,Man City,2.4,2019-20
Wolves,2.9,Norwich,0.4,2019-20
Man United,2.4,Watford,0.3,2019-20
Arsenal,1.3,Everton,2.7,2019-20
Liverpool,2.4,West Ham,0.7,2019-20
Norwich,0.6,Leicester,1.3,2019-20
Brighton,2.2,Crystal Palace,2.5,2019-20
West Ham,2.3,Southampton,0.7,2019-20
Bournemouth,1.4,Chelsea,1.9,2019-20
Newcastle,1.1,Burnley,0.7,2019-20
Watford,2.3,Liverpool,0.3,2019-20
Tottenham,1.7,Wolves,2.6,2019-20
Everton,2.1,Man United,1.1,2019-20
Liverpool,1.8,Bournemouth,1.4,2019-20
Wolves,0.8,Brighton,0.3,2019-20
Crystal Palace,0.8,Watford,0.6,2019-20
Southampton,0.6,Newcastle,2.8,2019-20
Arsenal,1.2,West Ham,1.5,2019-20
Sheffield United,0.9,Norwich,2.4,2019-20
Burnley,3.0,Tottenham,1.2,2019-20
Chelsea,1.8,Everton,0.5,2019-20
Man United,1.6,Man City,0.6,2019-20
Leicester,2.1,Aston Villa,0.5,2019-20
Aston Villa,1.4,Sheffield United,0.3,2019-20
Man City,2.6,Arsenal,0.3,2019-20
Norwich,0.6,Southampton,1.7,2019-20
Tottenham,0.4,Man United,1.7,2019-20
Watford,1.3,Leicester,1.0,2019-20
Brighton,1.0,Arsenal,0.8,2019-20
West Ham,0.5,Wolves,1.0,2019-20
Bournemouth,0.5,Crystal Palace,0.8,2019-20
Newcastle,2.0,Sheffield United,0.6,2019-20
Aston Villa,1.0,Chelsea,1.1,2019-20
Everton,0.9,Liverpool,0.7,2019-20
Man City,2.4,Burnley,0.0,2019-20
Leicester,0.6,Brighton,1.1,2019-20
Tottenham,2.3,West Ham,1.2,2019-20
Norwich,0.4,Everton,0.8,2019-20
Wolves,1.7,Bournemouth,0.1,2019-20
Man United,2.4,Sheffield United,0.1,2019-20
Newcastle,0.9,Aston Villa,1.6,2019-20
Liverpool,2.4,Crystal Palace,0.1,2019-20
Southampton,0.9,Arsenal,1.9,2019-20
Burnley,0.9,Watford,0.7,2019-20
Chelsea,3.2,Man City,0.8,2019-20
Aston Villa,0.6,Wolves,0.7,2019-20
Watford,0.5,Southampton,1.3,2019-20
Crystal Palace,0.9,Burnley,0.4,2019-20
Brighton,0.4,Man United,1.0,2019-20
Bournemouth,1.6,Newcastle,1.8,2019-20
Everton,1.2,Leicester,1.8,2019-20
Arsenal,1.5,Norwich,0.3,2019-20
West Ham,2.2,Chelsea,1.6,2019-20
Sheffield United,1.6,Tottenham,1.1,2019-20
Man City,2.4,Liverpool,1.1,2019-20
Norwich,0.6,Brighton,1.0,2019-20
Leicester,2.8,Crystal Palace,0.8,2019-20
Man United,2.5,Bournemouth,1.8,2019-20
Wolves,1.2,Arsenal,1.3,2019-20
Chelsea,2.5,Watford,0.6,2019-20
Burnley,1.3,Sheffield United,1.1,2019-20
Newcastle,1.4,West Ham,2.1,2019-20
Liverpool,0.7,Aston Villa,0.7,2019-20
Southampton,0.6,Man City,3.2,2019-20
Tottenham,0.5,Everton,0.5,2019-20
Crystal Palace,1.5,Chelsea,1.9,2019-20
Watford,1.2,Norwich,1.2,2019-20
Arsenal,1.1,Leicester,0.9,2019-20
Man City,2.8,Newcastle,0.3,2019-20
West Ham,1.6,Burnley,0.9,2019-20
Sheffield United,0.5,Wolves,0.4,2019-20
Brighton,2.4,Liverpool,2.5,2019-20
Everton,1.0,Southampton,2.4,2019-20
Bournemouth,1.4,Tottenham,0.5,2019-20
Aston Villa,0.5,Man United,2.3,2019-20
Norwich,0.6,West Ham,3.5,2019-20
Watford,3.4,Newcastle,1.3,2019-20
Liverpool,1.7,Burnley,0.4,2019-20
Sheffield United,2.3,Chelsea,1.2,2019-20
Brighton,0.2,Man City,4.4,2019-20
Wolves,2.6,Everton,0.3,2019-20
Aston Villa,1.7,Crystal Palace,1.2,2019-20
Tottenham,2.0,Arsenal,0.6,2019-20
Bournemouth,2.5,Leicester,1.5,2019-20
Man United,1.5,Southampton,1.6,2019-20
Chelsea,2.5,Norwich,0.1,2019-20
Newcastle,1.1,Tottenham,1.5,2019-20
Burnley,1.9,Wolves,1.2,2019-20
Man City,0.7,Bournemouth,1.6,2019-20
Arsenal,0.8,Liverpool,2.1,2019-20
Leicester,2.6,Sheffield United,0.7,2019-20
Everton,0.9,Aston Villa,1.3,2019-20
Crystal Palace,0.6,Man United,2.2,2019-20
Southampton,2.5,Brighton,0.7,2019-20
West Ham,0.9,Watford,1.5,2019-20
Norwich,0.3,Burnley,1.8,2019-20
Bournemouth,0.5,Southampton,2.5,2019-20
Tottenham,0.8,Leicester,1.7,2019-20
Brighton,0.8,Newcastle,0.9,2019-20
Sheffield United,0.5,Everton,0.4,2019-20
Wolves,1.5,Crystal Palace,0.4,2019-20
Watford,0.1,Man City,3.3,2019-20
Aston Villa,0.6,Arsenal,0.6,2019-20
Man United,0.6,West Ham,1.5,2019-20
Liverpool,1.7,Chelsea,2.4,2019-20
Everton,1.7,Bournemouth,1.5,2019-20
Leicester,0.8,Man United,1.3,2019-20
Southampton,1.7,Sheffield United,1.4,2019-20
Arsenal,2.3,Watford,3.7,2019-20
Crystal Palace,0.8,Tottenham,0.3,2019-20
Man City,3.2,Norwich,1.0,2019-20
Chelsea,1.4,Wolves,0.2,2019-20
West Ham,0.9,Aston Villa,1.0,2019-20
Newcastle,0.1,Liverpool,0.6,2019-20
Burnley,1.7,Brighton,1.2,2019-20
Man United,1.5,Leicester,1.8,2018-19
Newcastle,1.0,Tottenham,2.0,2018-19
Fulham,0.7,Crystal Palace,1.0,2018-19
Bournemouth,2.2,Cardiff,1.4,2018-19
Watford,1.2,Brighton,0.3,2018-19
Huddersfield,0.3,Chelsea,1.9,2018-19
Wolves,1.0,Everton,1.0,2018-19
Southampton,1.1,Burnley,1.4,2018-19
Liverpool,4.0,West Ham,0.7,2018-19
Arsenal,0.5,Man City,1.7,2018-19
Cardiff,0.9,Newcastle,1.6,2018-19
West Ham,1.2,Bournemouth,1.3,2018-19
Everton,1.5,Southampton,1.7,2018-19
Leicester,0.2,Wolves,1.1,2018-19
Tottenham,2.9,Fulham,1.6,2018-19
Chelsea,1.6,Arsenal,2.4,2018-19
Burnley,0.6,Watford,1.5,2018-19
Man City,4.2,Huddersfield,0.7,2018-19
Brighton,1.7,Man United,1.4,2018-19
Crystal Palace,0.4,Liverpool,2.6,2018-19
Wolves,1.0,Man City,1.6,2018-19
Arsenal,1.8,West Ham,1.1,2018-19
Southampton,0.5,Leicester,0.6,2018-19
Huddersfield,0.2,Cardiff,0.9,2018-19
Bournemouth,2.2,Everton,0.6,2018-19
Liverpool,1.6,Brighton,0.6,2018-19
Watford,1.2,Crystal Palace,1.0,2018-19
Fulham,1.3,Burnley,1.5,2018-19
Newcastle,0.2,Chelsea,1.5,2018-19
Man United,1.5,Tottenham,1.2,2018-19
Leicester,1.0,Liverpool,1.0,2018-19
Crystal Palace,2.4,Southampton,2.7,2018-19
Brighton,2.8,Fulham,1.6,2018-19
Chelsea,1.1,Bournemouth,0.9,2018-19
Everton,0.8,Huddersfield,0.4,2018-19
West Ham,1.1,Wolves,1.0,2018-19
Man City,2.0,Newcastle,0.5,2018-19
Cardiff,1.0,Arsenal,1.7,2018-19
Watford,0.4,Tottenham,0.6,2018-19
Burnley,0.8,Man United,2.5,2018-19
Tottenham,1.0,Liverpool,2.6,2018-19
Man City,4.8,Fulham,0.4,2018-19
Huddersfield,0.9,Crystal Palace,0.7,2018-19
Newcastle,0.4,Arsenal,1.0,2018-19
Bournemouth,2.3,Leicester,2.3,2018-19
Chelsea,2.6,Cardiff,0.7,2018-19
Watford,1.3,Man United,1.9,2018-19
Wolves,2.6,Burnley,0.3,2018-19
Everton,1.4,West Ham,1.2,2018-19
Southampton,2.0,Brighton,1.4,2018-19
Fulham,1.7,Watford,1.4,2018-19
Crystal Palace,0.9,Newcastle,0.2,2018-19
Cardiff,0.1,Man City,2.5,2018-19
Liverpool,1.7,Southampton,0.3,2018-19
Burnley,2.1,Bournemouth,1.0,2018-19
Man United,0.6,Wolves,1.0,2018-19
Leicester,1.7,Huddersfield,0.7,2018-19
Brighton,0.8,Tottenham,1.9,2018-19
West Ham,1.0,Chelsea,1.5,2018-19
Arsenal,0.8,Everton,0.8,2018-19
West Ham,1.4,Man United,0.7,2018-19
Newcastle,0.4,Leicester,1.3,2018-19
Everton,2.3,Fulham,0.5,2018-19
Wolves,1.6,Southampton,0.8,2018-19
Arsenal,1.4,Watford,2.8,2018-19
Man City,2.7,Brighton,0.2,2018-19
Huddersfield,0.4,Tottenham,2.1,2018-19
Chelsea,1.1,Liverpool,1.6,2018-19
Cardiff,1.7,Burnley,0.3,2018-19
Bournemouth,1.8,Crystal Palace,0.4,2018-19
Brighton,1.2,West Ham,1.4,2018-19
Leicester,0.9,Everton,1.3,2018-19
Burnley,0.4,Huddersfield,1.0,2018-19
Tottenham,2.0,Cardiff,1.2,2018-19
Watford,1.0,Bournemouth,3.2,2018-19
Crystal Palace,1.4,Wolves,0.7,2018-19
Man United,1.9,Newcastle,1.6,2018-19
Fulham,1.4,Arsenal,1.1,2018-19
Southampton,1.6,Chelsea,2.9,2018-19
Liverpool,0.4,Man City,1.0,2018-19
Chelsea,1.8,Man United,0.8,2018-19
Bournemouth,0.9,Southampton,0.5,2018-19
Man City,4.0,Burnley,0.4,2018-19
West Ham,0.8,Tottenham,0.9,2018-19
Newcastle,1.8,Brighton,0.8,2018-19
Wolves,0.7,Watford,1.1,2018-19
Cardiff,1.5,Fulham,0.7,2018-19
Huddersfield,0.7,Liverpool,0.6,2018-19
Everton,1.8,Crystal Palace,1.3,2018-19
Arsenal,2.7,Leicester,0.5,2018-19
Brighton,0.9,Wolves,1.4,2018-19
Southampton,1.1,Newcastle,0.4,2018-19
Fulham,0.5,Bournemouth,2.0,2018-19
Liverpool,2.4,Cardiff,0.8,2018-19
Watford,2.0,Huddersfield,0.5,2018-19
Leicester,1.7,West Ham,1.4,2018-19
Burnley,0.4,Chelsea,2.6,2018-19
Crystal Palace,2.3,Arsenal,0.9,2018-19
Man United,2.3,Everton,1.8,2018-19
Tottenham,0.4,Man City,1.6,2018-19
Bournemouth,1.6,Man United,3.0,2018-19
Cardiff,0.9,Leicester,2.1,2018-19
Everton,2.0,Brighton,0.5,2018-19
Newcastle,0.5,Watford,2.0,2018-19
West Ham,2.4,Burnley,1.1,2018-19
Arsenal,1.4,Liverpool,1.3,2018-19
Wolves,2.7,Tottenham,1.4,2018-19
Man City,2.2,Southampton,2.0,2018-19
Chelsea,1.7,Crystal Palace,0.4,2018-19
Huddersfield,0.6,Fulham,0.4,2018-19
Cardiff,2.1,Brighton,0.5,2018-19
Newcastle,2.2,Bournemouth,1.6,2018-19
Huddersfield,1.1,West Ham,1.7,2018-19
Leicester,1.8,Burnley,0.4,2018-19
Southampton,1.1,Watford,1.2,2018-19
Crystal Palace,0.8,Tottenham,1.2,2018-19
Liverpool,1.8,Fulham,0.5,2018-19
Chelsea,1.2,Everton,0.3,2018-19
Arsenal,0.9,Wolves,1.9,2018-19
Man City,1.9,Man United,1.1,2018-19
Man United,0.9,Crystal Palace,1.2,2018-19
Fulham,1.3,Southampton,1.3,2018-19
West Ham,0.9,Man City,2.7,2018-19
Brighton,1.0,Leicester,1.2,2018-19
Everton,2.1,Cardiff,1.0,2018-19
Watford,0.4,Liverpool,1.2,2018-19
Tottenham,3.1,Chelsea,1.0,2018-19
Bournemouth,0.6,Arsenal,1.6,2018-19
Wolves,0.8,Huddersfield,0.7,2018-19
Burnley,1.8,Newcastle,1.6,2018-19
Cardiff,1.0,Wolves,0.8,2018-19
Newcastle,1.0,West Ham,2.5,2018-19
Crystal Palace,1.6,Burnley,0.7,2018-19
Huddersfield,0.6,Brighton,1.2,2018-19
Leicester,1.3,Watford,1.2,2018-19
Man City,2.6,Bournemouth,0.6,2018-19
Southampton,0.7,Man United,1.1,2018-19
Chelsea,2.1,Fulham,0.4,2018-19
Arsenal,2.7,Tottenham,1.2,2018-19
Liverpool,2.9,Everton,1.1,2018-19
West Ham,1.7,Cardiff,2.1,2018-19
Brighton,1.3,Crystal Palace,1.7,2018-19
Bournemouth,0.9,Huddersfield,1.8,2018-19
Watford,1.8,Man City,2.5,2018-19
Wolves,0.7,Chelsea,1.3,2018-19
Fulham,1.4,Leicester,1.2,2018-19
Burnley,0.9,Liverpool,2.4,2018-19
Everton,1.8,Newcastle,1.5,2018-19
Man United,1.1,Arsenal,1.1,2018-19
Tottenham,1.6,Southampton,1.7,2018-19
Bournemouth,0.3,Liverpool,1.6,2018-19
West Ham,1.2,Crystal Palace,0.7,2018-19
Man United,2.3,Fulham,1.2,2018-19
Burnley,1.4,Brighton,1.0,2018-19
Cardiff,1.5,Southampton,0.7,2018-19
Arsenal,1.4,Huddersfield,0.3,2018-19
Chelsea,0.6,Man City,0.9,2018-19
Leicester,0.4,Tottenham,0.9,2018-19
Newcastle,0.6,Wolves,1.8,2018-19
Everton,1.7,Watford,1.7,2018-19
Man City,1.7,Everton,1.5,2018-19
Watford,1.4,Cardiff,0.9,2018-19
Tottenham,1.7,Burnley,0.5,2018-19
Huddersfield,0.8,Newcastle,0.6,2018-19
Crystal Palace,0.5,Leicester,1.0,2018-19
Wolves,1.8,Bournemouth,0.6,2018-19
Fulham,1.3,West Ham,0.8,2018-19
Southampton,1.3,Arsenal,1.9,2018-19
Brighton,0.4,Chelsea,1.2,2018-19
Liverpool,2.5,Man United,0.7,2018-19
Wolves,0.9,Liverpool,1.9,2018-19
Arsenal,1.6,Burnley,1.2,2018-19
Bournemouth,0.8,Brighton,0.8,2018-19
Man City,1.5,Crystal Palace,0.9,2018-19
West Ham,2.0,Watford,2.3,2018-19
Huddersfield,0.8,Southampton,2.5,2018-19
Chelsea,2.4,Leicester,0.5,2018-19
Newcastle,0.4,Fulham,0.2,2018-19
Cardiff,1.4,Man United,2.8,2018-19
Everton,0.9,Tottenham,2.0,2018-19
Fulham,1.2,Wolves,1.4,2018-19
Burnley,2.0,Everton,1.5,2018-19
Man United,1.5,Huddersfield,1.1,2018-19
Liverpool,2.9,Newcastle,0.5,2018-19
Leicester,1.3,Man City,1.4,2018-19
Tottenham,1.7,Bournemouth,1.1,2018-19
Crystal Palace,2.1,Cardiff,0.9,2018-19
Brighton,1.1,Arsenal,0.8,2018-19
Watford,1.2,Chelsea,1.9,2018-19
Southampton,1.2,West Ham,1.2,2018-19
Watford,1.3,Newcastle,0.7,2018-19
Fulham,1.8,Huddersfield,0.4,2018-19
Brighton,1.1,Everton,0.7,2018-19
Leicester,1.8,Cardiff,0.6,2018-19
Tottenham,0.3,Wolves,0.9,2018-19
Liverpool,3.8,Arsenal,1.0,2018-19
Crystal Palace,0.2,Chelsea,0.9,2018-19
Southampton,0.2,Man City,2.5,2018-19
Burnley,2.7,West Ham,0.8,2018-19
Man United,2.9,Bournemouth,0.5,2018-19
Everton,1.0,Leicester,0.6,2018-19
Arsenal,4.5,Fulham,1.4,2018-19
Cardiff,0.9,Tottenham,1.1,2018-19
Wolves,0.5,Crystal Palace,1.9,2018-19
West Ham,0.8,Brighton,0.7,2018-19
Bournemouth,2.2,Watford,0.9,2018-19
Chelsea,0.9,Southampton,0.2,2018-19
Huddersfield,0.9,Burnley,2.4,2018-19
Newcastle,0.7,Man United,2.6,2018-19
Man City,1.1,Liverpool,1.5,2018-19
West Ham,0.6,Arsenal,0.7,2018-19
Burnley,0.8,Fulham,0.8,2018-19
Brighton,0.4,Liverpool,2.0,2018-19
Crystal Palace,1.3,Watford,1.6,2018-19
Cardiff,0.1,Huddersfield,0.5,2018-19
Leicester,1.7,Southampton,1.5,2018-19
Chelsea,1.3,Newcastle,0.5,2018-19
Everton,1.0,Bournemouth,1.9,2018-19
Tottenham,1.8,Man United,0.8,2018-19
Man City,2.8,Wolves,0.1,2018-19
Wolves,1.9,Leicester,1.9,2018-19
Bournemouth,1.1,West Ham,1.1,2018-19
Newcastle,2.0,Cardiff,0.3,2018-19
Man United,2.4,Brighton,0.8,2018-19
Southampton,0.7,Everton,0.9,2018-19
Liverpool,2.6,Crystal Palace,0.7,2018-19
Watford,1.3,Burnley,1.8,2018-19
Arsenal,1.5,Chelsea,0.9,2018-19
Huddersfield,0.9,Man City,2.0,2018-19
Fulham,0.9,Tottenham,1.7,2018-19
Fulham,3.3,Brighton,2.2,2018-19
Huddersfield,0.7,Everton,1.1,2018-19
Wolves,2.2,West Ham,0.2,2018-19
Arsenal,2.6,Cardiff,0.8,2018-19
Newcastle,1.1,Man City,1.4,2018-19
Man United,3.1,Burnley,0.8,2018-19
Bournemouth,2.0,Chelsea,0.7,2018-19
Southampton,1.2,Crystal Palace,1.1,2018-19
Tottenham,1.7,Watford,0.5,2018-19
Liverpool,0.6,Leicester,1.1,2018-19
Tottenham,2.2,Newcastle,0.4,2018-19
Brighton,1.6,Watford,0.3,2018-19
Chelsea,2.6,Huddersfield,0.3,2018-19
Everton,1.2,Wolves,1.4,2018-19
Burnley,2.4,Southampton,0.7,2018-19
Crystal Palace,2.2,Fulham,0.6,2018-19
Cardiff,2.1,Bournemouth,0.5,2018-19
Leicester,1.5,Man United,1.3,2018-19
Man City,2.7,Arsenal,0.7,2018-19
West Ham,0.8,Liverpool,1.1,2018-19
Everton,0.1,Man City,2.2,2018-19
Fulham,2.2,Man United,1.9,2018-19
Crystal Palace,2.6,West Ham,1.7,2018-19
Liverpool,2.0,Bournemouth,0.4,2018-19
Southampton,1.5,Cardiff,0.8,2018-19
Watford,1.3,Everton,0.7,2018-19
Huddersfield,1.6,Arsenal,1.4,2018-19
Brighton,1.1,Burnley,2.1,2018-19
Tottenham,1.1,Leicester,3.3,2018-19
Man City,3.0,Chelsea,0.9,2018-19
Wolves,2.3,Newcastle,0.4,2018-19
West Ham,2.4,Fulham,1.3,2018-19
Cardiff,2.0,Watford,2.1,2018-19
Burnley,1.2,Tottenham,0.9,2018-19
Bournemouth,2.4,Wolves,1.5,2018-19
Newcastle,2.8,Huddersfield,0.2,2018-19
Leicester,1.2,Crystal Palace,1.7,2018-19
Arsenal,2.1,Southampton,0.8,2018-19
Man United,0.3,Liverpool,0.5,2018-19
Cardiff,0.3,Everton,1.0,2018-19
Huddersfield,1.6,Wolves,0.6,2018-19
Leicester,1.8,Brighton,1.2,2018-19
Newcastle,1.4,Burnley,1.6,2018-19
Arsenal,2.5,Bournemouth,0.9,2018-19
Southampton,1.3,Fulham,0.8,2018-19
Crystal Palace,1.7,Man United,1.0,2018-19
Chelsea,0.6,Tottenham,0.6,2018-19
Liverpool,1.9,Watford,0.3,2018-19
Man City,3.5,West Ham,0.4,2018-19
Tottenham,1.6,Arsenal,2.6,2018-19
Man United,2.2,Southampton,0.4,2018-19
Wolves,2.8,Cardiff,0.6,2018-19
Bournemouth,0.0,Man City,1.2,2018-19
Brighton,1.2,Huddersfield,0.2,2018-19
Burnley,2.1,Crystal Palace,0.5,2018-19
West Ham,2.0,Newcastle,1.1,2018-19
Watford,0.8,Leicester,0.9,2018-19
Fulham,0.8,Chelsea,1.2,2018-19
Everton,0.3,Liverpool,1.1,2018-19
Crystal Palace,1.5,Brighton,0.2,2018-19
Newcastle,2.4,Everton,1.1,2018-19
Cardiff,3.5,West Ham,0.3,2018-19
Huddersfield,0.3,Bournemouth,1.9,2018-19
Leicester,2.0,Fulham,0.2,2018-19
Southampton,2.1,Tottenham,1.3,2018-19
Man City,3.4,Watford,0.2,2018-19
Liverpool,4.0,Burnley,0.4,2018-19
Chelsea,1.1,Wolves,0.5,2018-19
Arsenal,1.7,Man United,2.3,2018-19
West Ham,1.7,Huddersfield,1.0,2018-19
Burnley,1.0,Leicester,0.9,2018-19
Bournemouth,1.3,Newcastle,1.1,2018-19
Fulham,1.1,Liverpool,2.6,2018-19
Everton,2.3,Chelsea,1.4,2018-19
Fulham,0.5,Man City,1.8,2018-19
Burnley,0.5,Wolves,0.5,2018-19
Crystal Palace,2.7,Huddersfield,1.1,2018-19
Leicester,1.3,Bournemouth,0.8,2018-19
Brighton,0.7,Southampton,0.7,2018-19
Man United,1.6,Watford,1.5,2018-19
West Ham,0.1,Everton,1.8,2018-19
Cardiff,0.5,Chelsea,1.8,2018-19
Liverpool,1.0,Tottenham,0.7,2018-19
Arsenal,0.8,Newcastle,0.1,2018-19
Wolves,1.8,Man United,1.8,2018-19
Watford,1.2,Fulham,1.6,2018-19
Chelsea,2.7,Brighton,0.4,2018-19
Tottenham,2.1,Crystal Palace,0.3,2018-19
Man City,3.2,Cardiff,0.1,2018-19
Southampton,0.9,Liverpool,1.9,2018-19
Huddersfield,1.7,Leicester,3.5,2018-19
Bournemouth,1.1,Burnley,1.2,2018-19
Newcastle,0.9,Crystal Palace,0.9,2018-19
Everton,2.4,Arsenal,0.3,2018-19
Chelsea,1.9,West Ham,0.6,2018-19
Leicester,1.0,Newcastle,1.1,2018-19
Tottenham,2.5,Huddersfield,0.8,2018-19
Burnley,2.6,Cardiff,0.9,2018-19
Fulham,1.5,Everton,1.1,2018-19
Southampton,2.9,Wolves,0.8,2018-19
Brighton,0.3,Bournemouth,2.5,2018-19
Man United,2.5,West Ham,1.4,2018-19
Crystal Palace,0.4,Man City,2.5,2018-19
Liverpool,1.2,Chelsea,0.7,2018-19
Watford,1.0,Arsenal,2.3,2018-19
Brighton,0.6,Cardiff,0.9,2018-19
Man City,1.9,Tottenham,1.0,2018-19
West Ham,1.2,Leicester,0.9,2018-19
Bournemouth,2.2,Fulham,2.5,2018-19
Huddersfield,1.0,Watford,0.9,2018-19
Wolves,2.7,Brighton,0.2,2018-19
Newcastle,1.4,Southampton,1.2,2018-19
Everton,1.6,Man United,0.3,2018-19
Arsenal,1.2,Crystal Palace,1.6,2018-19
Cardiff,1.1,Liverpool,3.0,2018-19
Chelsea,1.3,Burnley,0.7,2018-19
Watford,1.3,Southampton,2.0,2018-19
Tottenham,1.3,Brighton,0.3,2018-19
Wolves,1.2,Arsenal,0.8,2018-19
Man United,0.5,Man City,0.5,2018-19
Liverpool,3.1,Huddersfield,0.2,2018-19
Tottenham,1.6,West Ham,1.1,2018-19
Watford,0.8,Wolves,2.0,2018-19
Fulham,0.5,Cardiff,1.1,2018-19
Southampton,2.5,Bournemouth,2.3,2018-19
Crystal Palace,0.3,Everton,1.5,2018-19
Brighton,1.3,Newcastle,0.4,2018-19
Leicester,3.3,Arsenal,0.6,2018-19
Burnley,0.1,Man City,2.5,2018-19
Man United,1.1,Chelsea,1.7,2018-19
Everton,1.7,Burnley,0.3,2018-19
Bournemouth,1.7,Tottenham,0.7,2018-19
Wolves,2.0,Fulham,0.5,2018-19
West Ham,1.9,Southampton,0.5,2018-19
Cardiff,1.9,Crystal Palace,1.6,2018-19
Newcastle,1.4,Liverpool,1.2,2018-19
Huddersfield,1.0,Man United,1.8,2018-19
Chelsea,2.3,Watford,1.7,2018-19
Arsenal,2.4,Brighton,1.9,2018-19
Man City,1.0,Leicester,0.5,2018-19
Southampton,0.6,Huddersfield,0.7,2018-19
Brighton,0.5,Man City,1.6,2018-19
Leicester,0.4,Chelsea,1.5,2018-19
Crystal Palace,2.8,Bournemouth,1.6,2018-19
Burnley,1.7,Arsenal,2.7,2018-19
Tottenham,0.6,Everton,2.0,2018-19
Liverpool,1.6,Wolves,1.3,2018-19
Man United,1.5,Cardiff,1.6,2018-19
Fulham,0.7,Newcastle,2.1,2018-19
Watford,2.2,West Ham,3.1,2018-19
Arsenal,2.5,Leicester,1.5,2017-18
Watford,2.1,Liverpool,2.6,2017-18
Crystal Palace,1.1,Huddersfield,1.5,2017-18
West Brom,1.3,Bournemouth,0.5,2017-18
Chelsea,1.5,Burnley,0.6,2017-18
Everton,0.6,Stoke,0.4,2017-18
Southampton,2.0,Swansea,0.3,2017-18
Brighton,0.3,Man City,1.9,2017-18
Newcastle,0.8,Tottenham,2.5,2017-18
Man United,2.1,West Ham,0.5,2017-18
Swansea,0.4,Man United,3.0,2017-18
Bournemouth,1.0,Watford,2.4,2017-18
Southampton,2.1,West Ham,2.0,2017-18
Leicester,2.0,Brighton,0.2,2017-18
Burnley,1.3,West Brom,0.9,2017-18
Liverpool,2.5,Crystal Palace,0.7,2017-18
Stoke,0.7,Arsenal,1.5,2017-18
Huddersfield,0.3,Newcastle,0.7,2017-18
Tottenham,0.7,Chelsea,0.7,2017-18
Man City,1.1,Everton,0.6,2017-18
Bournemouth,0.5,Man City,1.4,2017-18
Huddersfield,1.4,Southampton,0.7,2017-18
Watford,0.3,Brighton,1.1,2017-18
Crystal Palace,0.9,Swansea,0.7,2017-18
Newcastle,2.3,West Ham,0.6,2017-18
Man United,2.8,Leicester,0.9,2017-18
Chelsea,1.0,Everton,0.4,2017-18
West Brom,0.8,Stoke,1.3,2017-18
Tottenham,2.3,Burnley,0.9,2017-18
Liverpool,3.1,Arsenal,0.6,2017-18
Man City,2.4,Liverpool,0.7,2017-18
Everton,0.9,Tottenham,1.8,2017-18
Arsenal,2.2,Bournemouth,0.6,2017-18
Leicester,1.4,Chelsea,0.8,2017-18
Brighton,0.4,West Brom,1.0,2017-18
Southampton,0.3,Watford,0.7,2017-18
Stoke,1.2,Man United,2.1,2017-18
Burnley,0.3,Crystal Palace,2.0,2017-18
Swansea,1.2,Newcastle,1.0,2017-18
West Ham,1.7,Huddersfield,0.4,2017-18
Bournemouth,1.2,Brighton,0.9,2017-18
Crystal Palace,2.0,Southampton,1.0,2017-18
Newcastle,2.0,Stoke,0.7,2017-18
Huddersfield,0.7,Leicester,1.3,2017-18
Liverpool,2.2,Burnley,0.2,2017-18
West Brom,0.7,West Ham,0.3,2017-18
Watford,0.5,Man City,3.3,2017-18
Tottenham,1.1,Swansea,0.2,2017-18
Chelsea,0.8,Arsenal,1.4,2017-18
Man United,2.9,Everton,1.1,2017-18
West Ham,0.6,Tottenham,1.2,2017-18
Southampton,1.0,Man United,1.2,2017-18
Stoke,0.8,Chelsea,1.4,2017-18
Man City,4.5,Crystal Palace,0.6,2017-18
Burnley,0.3,Huddersfield,0.3,2017-18
Swansea,1.7,Watford,1.2,2017-18
Everton,2.0,Bournemouth,0.3,2017-18
Leicester,2.8,Liverpool,1.7,2017-18
Brighton,1.0,Newcastle,1.5,2017-18
Arsenal,2.2,West Brom,0.9,2017-18
Huddersfield,0.2,Tottenham,1.5,2017-18
Stoke,2.4,Southampton,1.4,2017-18
West Ham,0.7,Swansea,0.2,2017-18
Man United,2.8,Crystal Palace,0.4,2017-18
Bournemouth,1.4,Leicester,0.6,2017-18
West Brom,1.9,Watford,1.4,2017-18
Chelsea,0.5,Man City,0.9,2017-18
Arsenal,2.4,Brighton,0.4,2017-18
Everton,1.1,Burnley,0.4,2017-18
Newcastle,0.3,Liverpool,1.3,2017-18
Liverpool,1.5,Man United,0.2,2017-18
Tottenham,1.8,Bournemouth,0.2,2017-18
Burnley,1.2,West Ham,0.9,2017-18
Crystal Palace,1.7,Chelsea,0.8,2017-18
Swansea,1.5,Huddersfield,0.7,2017-18
Man City,3.8,Stoke,0.5,2017-18
Watford,1.6,Arsenal,1.0,2017-18
Brighton,1.0,Everton,1.5,2017-18
Southampton,1.5,Newcastle,1.2,2017-18
Leicester,1.3,West Brom,0.2,2017-18
West Ham,0.7,Brighton,1.4,2017-18
Chelsea,1.9,Watford,1.9,2017-18
Man City,3.1,Burnley,0.2,2017-18
Huddersfield,1.2,Man United,0.8,2017-18
Swansea,0.8,Leicester,1.9,2017-18
Stoke,1.2,Bournemouth,1.1,2017-18
Newcastle,0.3,Crystal Palace,0.5,2017-18
Southampton,2.0,West Brom,0.4,2017-18
Everton,1.0,Arsenal,3.5,2017-18
Tottenham,2.0,Liverpool,0.6,2017-18
Man United,0.8,Tottenham,1.2,2017-18
Arsenal,2.0,Swansea,0.9,2017-18
Crystal Palace,2.6,West Ham,0.8,2017-18
Watford,1.2,Stoke,1.1,2017-18
Liverpool,2.1,Huddersfield,0.1,2017-18
West Brom,1.5,Man City,2.3,2017-18
Bournemouth,0.5,Chelsea,1.6,2017-18
Brighton,1.2,Southampton,0.3,2017-18
Leicester,1.3,Everton,0.6,2017-18
Burnley,0.9,Newcastle,0.5,2017-18
Stoke,1.0,Leicester,1.5,2017-18
Southampton,0.7,Burnley,0.2,2017-18
Swansea,1.3,Brighton,0.9,2017-18
Huddersfield,0.3,West Brom,0.4,2017-18
Newcastle,0.7,Bournemouth,1.5,2017-18
West Ham,1.2,Liverpool,2.7,2017-18
Tottenham,0.9,Crystal Palace,0.8,2017-18
Man City,1.8,Arsenal,0.3,2017-18
Everton,2.1,Watford,2.0,2017-18
Chelsea,1.6,Man United,0.7,2017-18
Arsenal,2.1,Tottenham,0.7,2017-18
West Brom,0.8,Chelsea,1.6,2017-18
Bournemouth,0.7,Huddersfield,1.2,2017-18
Liverpool,2.0,Southampton,0.4,2017-18
Burnley,1.6,Swansea,0.6,2017-18
Crystal Palace,2.0,Everton,1.8,2017-18
Leicester,0.2,Man City,1.9,2017-18
Man United,3.1,Newcastle,1.1,2017-18
Watford,1.0,West Ham,1.6,2017-18
Brighton,0.5,Stoke,1.0,2017-18
West Ham,0.9,Leicester,0.4,2017-18
Tottenham,1.8,West Brom,0.7,2017-18
Man United,1.2,Brighton,0.5,2017-18
Swansea,0.9,Bournemouth,0.4,2017-18
Crystal Palace,1.4,Stoke,0.7,2017-18
Newcastle,0.9,Watford,2.0,2017-18
Liverpool,1.2,Chelsea,0.8,2017-18
Southampton,2.0,Everton,0.2,2017-18
Burnley,0.4,Arsenal,1.8,2017-18
Huddersfield,0.6,Man City,2.6,2017-18
Brighton,0.6,Crystal Palace,0.5,2017-18
Leicester,0.6,Tottenham,2.4,2017-18
Watford,1.4,Man United,1.2,2017-18
West Brom,1.5,Newcastle,0.9,2017-18
Chelsea,1.5,Swansea,0.1,2017-18
Bournemouth,1.2,Burnley,1.1,2017-18
Arsenal,4.0,Huddersfield,0.5,2017-18
Stoke,0.9,Liverpool,2.9,2017-18
Everton,1.5,West Ham,1.1,2017-18
Man City,1.4,Southampton,1.3,2017-18
Chelsea,3.2,Newcastle,0.6,2017-18
Watford,0.4,Tottenham,0.8,2017-18
West Brom,1.9,Crystal Palace,0.6,2017-18
Stoke,1.1,Swansea,0.4,2017-18
Brighton,1.7,Liverpool,1.8,2017-18
Everton,0.7,Huddersfield,0.3,2017-18
Leicester,1.4,Burnley,1.0,2017-18
Arsenal,4.7,Man United,1.8,2017-18
Bournemouth,0.9,Southampton,1.5,2017-18
Man City,2.3,West Ham,0.6,2017-18
West Ham,0.3,Chelsea,1.2,2017-18
Huddersfield,2.2,Brighton,0.3,2017-18
Crystal Palace,3.9,Bournemouth,0.7,2017-18
Tottenham,3.6,Stoke,0.5,2017-18
Burnley,0.5,Watford,1.1,2017-18
Swansea,1.5,West Brom,0.3,2017-18
Newcastle,0.9,Leicester,0.5,2017-18
Southampton,1.3,Arsenal,0.7,2017-18
Liverpool,1.6,Everton,0.9,2017-18
Man United,1.4,Man City,1.7,2017-18
Burnley,0.4,Stoke,1.1,2017-18
Crystal Palace,1.2,Watford,1.2,2017-18
Huddersfield,0.7,Chelsea,1.5,2017-18
Newcastle,0.8,Everton,1.2,2017-18
Southampton,1.5,Leicester,1.8,2017-18
Swansea,0.6,Man City,2.7,2017-18
Liverpool,2.1,West Brom,0.4,2017-18
West Ham,0.4,Arsenal,1.0,2017-18
Tottenham,1.5,Brighton,0.4,2017-18
Man United,1.1,Bournemouth,0.8,2017-18
Leicester,0.9,Crystal Palace,1.7,2017-18
Watford,0.6,Huddersfield,3.4,2017-18
Arsenal,1.8,Newcastle,0.3,2017-18
Brighton,1.5,Burnley,1.2,2017-18
Chelsea,1.4,Southampton,0.5,2017-18
Stoke,1.1,West Ham,3.1,2017-18
Man City,3.4,Tottenham,0.2,2017-18
West Brom,1.1,Man United,0.7,2017-18
Bournemouth,0.6,Liverpool,2.5,2017-18
Everton,2.0,Swansea,0.8,2017-18
Arsenal,1.2,Liverpool,2.0,2017-18
Everton,0.3,Chelsea,1.8,2017-18
Stoke,1.4,West Brom,2.0,2017-18
Brighton,1.1,Watford,1.5,2017-18
Swansea,0.5,Crystal Palace,1.3,2017-18
Southampton,1.3,Huddersfield,1.1,2017-18
Man City,1.5,Bournemouth,0.4,2017-18
West Ham,2.1,Newcastle,1.7,2017-18
Burnley,0.2,Tottenham,3.1,2017-18
Leicester,1.4,Man United,1.9,2017-18
Tottenham,3.0,Southampton,0.8,2017-18
Bournemouth,2.9,West Ham,1.7,2017-18
Watford,1.2,Leicester,1.3,2017-18
West Brom,1.5,Everton,0.4,2017-18
Man United,2.0,Burnley,0.5,2017-18
Huddersfield,1.8,Stoke,1.6,2017-18
Chelsea,2.1,Brighton,0.5,2017-18
Liverpool,3.1,Swansea,0.4,2017-18
Newcastle,0.2,Man City,1.8,2017-18
Crystal Palace,1.3,Arsenal,1.8,2017-18
Huddersfield,0.1,Burnley,1.2,2017-18
Chelsea,2.6,Stoke,0.2,2017-18
Bournemouth,1.5,Everton,0.5,2017-18
Liverpool,2.9,Leicester,0.7,2017-18
Watford,1.2,Swansea,1.1,2017-18
Newcastle,0.5,Brighton,0.5,2017-18
Man United,1.7,Southampton,0.6,2017-18
Crystal Palace,1.3,Man City,1.3,2017-18
West Brom,1.5,Arsenal,0.9,2017-18
Brighton,2.4,Bournemouth,1.5,2017-18
Leicester,1.5,Huddersfield,0.2,2017-18
Burnley,1.3,Liverpool,1.7,2017-18
Stoke,1.5,Newcastle,1.7,2017-18
Everton,1.2,Man United,1.4,2017-18
West Ham,1.3,West Brom,1.0,2017-18
Swansea,0.4,Tottenham,1.3,2017-18
Southampton,0.4,Crystal Palace,1.3,2017-18
Man City,2.1,Watford,1.0,2017-18
Arsenal,1.2,Chelsea,3.0,2017-18
Tottenham,1.8,West Ham,0.5,2017-18
Newcastle,1.4,Swansea,1.3,2017-18
Crystal Palace,1.4,Burnley,0.7,2017-18
Chelsea,0.6,Leicester,1.2,2017-18
Huddersfield,0.7,West Ham,0.9,2017-18
West Brom,1.0,Brighton,0.6,2017-18
Watford,2.0,Southampton,0.9,2017-18
Tottenham,3.8,Everton,0.3,2017-18
Bournemouth,0.8,Arsenal,1.1,2017-18
Liverpool,0.8,Man City,0.8,2017-18
Man United,1.5,Stoke,1.3,2017-18
Brighton,0.8,Chelsea,1.3,2017-18
Everton,1.1,West Brom,1.1,2017-18
Leicester,1.9,Watford,0.9,2017-18
Stoke,1.0,Huddersfield,0.3,2017-18
Arsenal,2.9,Crystal Palace,0.6,2017-18
West Ham,0.8,Bournemouth,0.5,2017-18
Burnley,1.0,Man United,0.8,2017-18
Man City,2.1,Newcastle,1.0,2017-18
Southampton,0.8,Tottenham,1.2,2017-18
Swansea,0.2,Liverpool,2.5,2017-18
West Ham,1.1,Crystal Palace,0.9,2017-18
Swansea,2.1,Arsenal,1.3,2017-18
Huddersfield,0.3,Liverpool,1.8,2017-18
Southampton,1.4,Brighton,1.1,2017-18
Chelsea,1.2,Bournemouth,1.1,2017-18
Everton,1.2,Leicester,2.2,2017-18
Newcastle,2.2,Burnley,1.0,2017-18
Stoke,0.9,Watford,0.7,2017-18
Man City,2.3,West Brom,0.2,2017-18
Tottenham,1.5,Man United,1.0,2017-18
Burnley,0.9,Man City,1.8,2017-18
West Brom,0.8,Southampton,0.9,2017-18
Bournemouth,1.7,Stoke,0.7,2017-18
Man United,1.6,Huddersfield,0.2,2017-18
Brighton,1.7,West Ham,0.4,2017-18
Leicester,1.7,Swansea,0.3,2017-18
Arsenal,2.6,Everton,1.2,2017-18
Crystal Palace,3.0,Newcastle,0.9,2017-18
Liverpool,1.2,Tottenham,2.6,2017-18
Watford,2.3,Chelsea,0.7,2017-18
Tottenham,2.6,Arsenal,0.6,2017-18
Everton,1.5,Crystal Palace,1.5,2017-18
Swansea,0.7,Burnley,0.5,2017-18
Stoke,1.4,Brighton,1.1,2017-18
West Ham,1.5,Watford,0.6,2017-18
Man City,2.5,Leicester,0.1,2017-18
Huddersfield,2.2,Bournemouth,0.3,2017-18
Newcastle,0.5,Man United,1.9,2017-18
Southampton,0.9,Liverpool,1.9,2017-18
Chelsea,1.9,West Brom,0.7,2017-18
Leicester,1.2,Stoke,0.2,2017-18
West Brom,1.2,Huddersfield,1.1,2017-18
Bournemouth,1.7,Newcastle,3.0,2017-18
Liverpool,4.0,West Ham,0.4,2017-18
Burnley,1.3,Southampton,0.8,2017-18
Brighton,3.0,Swansea,0.6,2017-18
Watford,0.6,Everton,0.8,2017-18
Crystal Palace,0.2,Tottenham,1.7,2017-18
Man United,1.2,Chelsea,1.7,2017-18
Arsenal,1.3,Man City,1.5,2017-18
Burnley,2.1,Everton,1.5,2017-18
Watford,1.3,West Brom,1.1,2017-18
Swansea,1.8,West Ham,0.4,2017-18
Leicester,2.7,Bournemouth,1.4,2017-18
Southampton,0.9,Stoke,0.8,2017-18
Tottenham,1.6,Huddersfield,0.1,2017-18
Liverpool,1.5,Newcastle,0.3,2017-18
Brighton,1.2,Arsenal,1.2,2017-18
Man City,0.9,Chelsea,0.1,2017-18
Crystal Palace,0.6,Man United,1.2,2017-18
Man United,0.7,Liverpool,0.7,2017-18
West Ham,0.8,Burnley,1.4,2017-18
Newcastle,1.3,Southampton,0.3,2017-18
West Brom,0.3,Leicester,2.1,2017-18
Everton,1.5,Brighton,0.3,2017-18
Huddersfield,1.4,Swansea,0.0,2017-18
Chelsea,3.1,Crystal Palace,1.1,2017-18
Arsenal,2.2,Watford,1.4,2017-18
Bournemouth,1.2,Tottenham,2.4,2017-18
Stoke,0.4,Man City,1.6,2017-18
Stoke,0.8,Everton,2.3,2017-18
Bournemouth,0.7,West Brom,1.6,2017-18
Huddersfield,0.3,Crystal Palace,2.7,2017-18
Liverpool,2.3,Watford,0.4,2017-18
Crystal Palace,1.9,Liverpool,1.8,2017-18
Man United,2.2,Swansea,0.2,2017-18
Brighton,1.8,Leicester,1.2,2017-18
West Brom,0.5,Burnley,1.3,2017-18
West Ham,1.4,Southampton,0.5,2017-18
Newcastle,2.4,Huddersfield,0.1,2017-18
Watford,0.7,Bournemouth,1.7,2017-18
Everton,0.9,Man City,1.5,2017-18
Arsenal,3.3,Stoke,0.4,2017-18
Chelsea,1.0,Tottenham,1.4,2017-18
Everton,0.6,Liverpool,0.9,2017-18
Stoke,1.4,Tottenham,1.7,2017-18
Leicester,1.4,Newcastle,0.4,2017-18
Watford,1.2,Burnley,1.0,2017-18
Brighton,1.5,Huddersfield,1.5,2017-18
Bournemouth,1.9,Crystal Palace,1.1,2017-18
West Brom,1.2,Swansea,0.8,2017-18
Man City,2.6,Man United,1.1,2017-18
Arsenal,1.6,Southampton,2.0,2017-18
Chelsea,1.7,West Ham,0.3,2017-18
Southampton,1.0,Chelsea,0.8,2017-18
Crystal Palace,2.1,Brighton,1.5,2017-18
Huddersfield,0.8,Watford,0.2,2017-18
Burnley,0.9,Leicester,1.9,2017-18
Swansea,1.3,Everton,1.6,2017-18
Liverpool,2.0,Bournemouth,0.3,2017-18
Tottenham,0.4,Man City,2.9,2017-18
Newcastle,0.8,Arsenal,1.2,2017-18
Man United,0.7,West Brom,0.7,2017-18
West Ham,0.8,Stoke,1.7,2017-18
Brighton,1.1,Tottenham,1.3,2017-18
Bournemouth,1.2,Man United,1.3,2017-18
Burnley,0.2,Chelsea,1.7,2017-18
Leicester,0.6,Southampton,0.8,2017-18
West Brom,1.3,Liverpool,1.3,2017-18
Watford,0.6,Crystal Palace,0.3,2017-18
Arsenal,1.8,West Ham,0.8,2017-18
Stoke,0.4,Burnley,1.6,2017-18
Man City,3.2,Swansea,0.3,2017-18
Everton,0.7,Newcastle,0.8,2017-18
Liverpool,1.9,Stoke,0.6,2017-18
Newcastle,1.8,West Brom,0.7,2017-18
Southampton,1.5,Bournemouth,0.7,2017-18
Huddersfield,0.6,Everton,0.6,2017-18
Crystal Palace,3.0,Leicester,0.6,2017-18
Burnley,1.5,Brighton,0.4,2017-18
Swansea,0.7,Chelsea,1.5,2017-18
West Ham,0.2,Man City,2.4,2017-18
Man United,1.7,Arsenal,0.5,2017-18
Tottenham,1.4,Watford,1.3,2017-18
Brighton,1.0,Man United,0.8,2017-18
Stoke,0.5,Crystal Palace,1.1,2017-18
Leicester,0.5,West Ham,1.6,2017-18
West Brom,1.6,Tottenham,1.2,2017-18
Bournemouth,1.9,Swansea,1.3,2017-18
Watford,2.5,Newcastle,0.7,2017-18
Everton,0.5,Southampton,0.7,2017-18
Man City,0.8,Huddersfield,0.2,2017-18
Chelsea,0.6,Liverpool,0.5,2017-18
Arsenal,2.6,Burnley,0.3,2017-18
Swansea,0.5,Southampton,1.2,2017-18
Leicester,2.2,Arsenal,1.4,2017-18
Chelsea,1.9,Huddersfield,0.7,2017-18
Tottenham,0.8,Newcastle,1.0,2017-18
Man City,1.6,Brighton,1.2,2017-18
West Ham,0.6,Man United,0.8,2017-18
Swansea,3.0,Stoke,1.6,2017-18
Liverpool,2.8,Brighton,0.1,2017-18
Burnley,1.1,Bournemouth,1.3,2017-18
Crystal Palace,2.2,West Brom,0.2,2017-18
West Ham,1.1,Everton,1.6,2017-18
Huddersfield,1.7,Arsenal,2.0,2017-18
Newcastle,2.2,Chelsea,1.0,2017-18
Man United,0.4,Watford,0.6,2017-18
Southampton,0.5,Man City,0.8,2017-18
Tottenham,1.8,Leicester,1.4,2017-18
